shard,md5sum
checkpoint_last-model_part-0-shard0.pt,4119001fb6b8dc665f85167db429f9ac
checkpoint_last-model_part-0-shard1.pt,d6e480be0a48f98733817fc4ca7e252c
checkpoint_last-model_part-0-shard10.pt,1b97b1b4669c2f4873888a3ab28568ad
checkpoint_last-model_part-0-shard100.pt,aaf59364fc58f062460c6cb7ae066a83
checkpoint_last-model_part-0-shard101.pt,19b4fdd0d56e0e727a6383aa87648f6a
checkpoint_last-model_part-0-shard102.pt,a6dbb5a340e9bca66cbdb4d428201487
checkpoint_last-model_part-0-shard103.pt,38f71df2515544757289e672ef36f65d
checkpoint_last-model_part-0-shard104.pt,8b60f7a61eaf85dfbf01af10ef3b77e6
checkpoint_last-model_part-0-shard105.pt,87b2168f4e09b548085f525a0dbbb8ff
checkpoint_last-model_part-0-shard106.pt,46fdc8d8c77a975977495a0be762eb0e
checkpoint_last-model_part-0-shard107.pt,2bbae426a71cc9772205e977ce599900
checkpoint_last-model_part-0-shard108.pt,92f1893452f22512fe43d54ebdc16c1b
checkpoint_last-model_part-0-shard109.pt,1aa2d46aa403f14a4f62b1d46aa98c9a
checkpoint_last-model_part-0-shard11.pt,0e2b38f7ebaffa832ee35a05571cc1cf
checkpoint_last-model_part-0-shard110.pt,3012698b2ef330b17205c6484da576e7
checkpoint_last-model_part-0-shard111.pt,389ee183746c6c6a7d55c2411cd99ada
checkpoint_last-model_part-0-shard112.pt,b78f8059274d1a26bdd5d96a7ca51bf0
checkpoint_last-model_part-0-shard113.pt,36134f6229af29265c0df1599f86263a
checkpoint_last-model_part-0-shard114.pt,e89bd5d5458dd5bf4785cf9785e829db
checkpoint_last-model_part-0-shard115.pt,9a74a785b1de73131a0cba3e648c6aa8
checkpoint_last-model_part-0-shard116.pt,a6a59aa34a9aaf86a1ae998ca26bdea5
checkpoint_last-model_part-0-shard117.pt,fea1aa884f5e72891a4fb16d1e951d04
checkpoint_last-model_part-0-shard118.pt,1e335d939a3b0524ba84c6c467925f6c
checkpoint_last-model_part-0-shard119.pt,6ca4bbd335a981ffc543b4982805cba4
checkpoint_last-model_part-0-shard12.pt,3bb410dcfcb758037474053d91974930
checkpoint_last-model_part-0-shard120.pt,8423a7a27e5044afa832810d1e190c5a
checkpoint_last-model_part-0-shard121.pt,c2b2c88dd1d60ec396b72ab146e330a6
checkpoint_last-model_part-0-shard122.pt,e16405e7dda208144f15933d33893fa0
checkpoint_last-model_part-0-shard123.pt,c8b45cafc151539f7c031f7c1d8915a7
checkpoint_last-model_part-0-shard13.pt,641a98684065cd05e051a1e36c138a89
checkpoint_last-model_part-0-shard14.pt,e84a6df9ffa7cc383bba9fe17ab0e156
checkpoint_last-model_part-0-shard15.pt,69d270c817020c7171f840e1b233b587
checkpoint_last-model_part-0-shard16.pt,820c0e7ebb3e0ee7798d8f53852fb0be
checkpoint_last-model_part-0-shard17.pt,3c12e830295d9489ae6f03775539b478
checkpoint_last-model_part-0-shard18.pt,4742ff143b57c692926670ff4ae4f0b7
checkpoint_last-model_part-0-shard19.pt,2701744cd29672b3d53c5f242c9e536d
checkpoint_last-model_part-0-shard2.pt,1c1cd1341c17a2480b77d02d4cfd906e
checkpoint_last-model_part-0-shard20.pt,b6d41b8bea28ddccddcdb158d9dfd0f3
checkpoint_last-model_part-0-shard21.pt,a48f3170b899c21d5886a90a00bd4319
checkpoint_last-model_part-0-shard22.pt,93cc0c7e122969d751e7fc8f794e78c6
checkpoint_last-model_part-0-shard23.pt,035755ccea6fe28406d23a1f905e040f
checkpoint_last-model_part-0-shard24.pt,d088f0594fc82731773c8620b703e0c4
checkpoint_last-model_part-0-shard25.pt,9b742f62e096f637ce8db197dcfb59db
checkpoint_last-model_part-0-shard26.pt,a7d182a3e813463ea900325899fe6b1a
checkpoint_last-model_part-0-shard27.pt,707a154c2dbb90f0ee06aaeec2cdcd96
checkpoint_last-model_part-0-shard28.pt,f7a667ca000fd33df0e4acfb79e7aefb
checkpoint_last-model_part-0-shard29.pt,f039d64b7017a28ad006a9109ff5a3d0
checkpoint_last-model_part-0-shard3.pt,10a3c06545deea3005be9e50936d7e9f
checkpoint_last-model_part-0-shard30.pt,6776ac5d50b604f712cec0b9060f1831
checkpoint_last-model_part-0-shard31.pt,f11f9e617fd2e5ff9bf1fb4ed08e31b5
checkpoint_last-model_part-0-shard32.pt,db33c6f74af3934f334c40a261a7879f
checkpoint_last-model_part-0-shard33.pt,d3237ccc4ba1ee8b1a9fb648772cc9a5
checkpoint_last-model_part-0-shard34.pt,609d4b0bfc5e9196b84f563dfb7914ab
checkpoint_last-model_part-0-shard35.pt,be21b64c9f82dbbca95c44f6629b6c71
checkpoint_last-model_part-0-shard36.pt,a1543eceafd67da9a00fa9c2c4b8c842
checkpoint_last-model_part-0-shard37.pt,5afc5a75b7a14364a7db5fa456ca8dc3
checkpoint_last-model_part-0-shard38.pt,dc1a50457b92ada829d3f2baf29fae73
checkpoint_last-model_part-0-shard39.pt,7071240818bc1f0794a3242927a1b61b
checkpoint_last-model_part-0-shard4.pt,a1e75feef7f58619d4f04a404b056bfa
checkpoint_last-model_part-0-shard40.pt,9dc04269604d55721fcf503c07af07c4
checkpoint_last-model_part-0-shard41.pt,7f2dbe9ef91ac31faad782375357b9bf
checkpoint_last-model_part-0-shard42.pt,1dd04823d9fb2b885453893d4263b191
checkpoint_last-model_part-0-shard43.pt,140474c5dc10dafdd245fcef99bd29ae
checkpoint_last-model_part-0-shard44.pt,ea54d684d69e2bc22cb3a7f2bd863328
checkpoint_last-model_part-0-shard45.pt,3e125e0fca220633377a3f03da8940a3
checkpoint_last-model_part-0-shard46.pt,e5b9113c4a614456f880d2c128f33f60
checkpoint_last-model_part-0-shard47.pt,db0f5da442fe37531dab37337c2c820b
checkpoint_last-model_part-0-shard48.pt,eafb33ea11491c13aae6b520e9ba1214
checkpoint_last-model_part-0-shard49.pt,99e42a4b1e7c2fc58bb595d85d332098
checkpoint_last-model_part-0-shard5.pt,b5f22e351319573e8f4d88a94b05ffc8
checkpoint_last-model_part-0-shard50.pt,49da55d0ee3bd766de281180decf11b6
checkpoint_last-model_part-0-shard51.pt,9688422835029f4e6163d2e85646bbb0
checkpoint_last-model_part-0-shard52.pt,ca0be65e8b18211c6e72072d05b4cc4f
checkpoint_last-model_part-0-shard53.pt,a656370faa241b2502c381428924224d
checkpoint_last-model_part-0-shard54.pt,99fb03032edf932f495b658b82b29bd9
checkpoint_last-model_part-0-shard55.pt,afadcec4220b3adb93f6505b01e7ba91
checkpoint_last-model_part-0-shard56.pt,bc6ed918efb913e65176178eeca33859
checkpoint_last-model_part-0-shard57.pt,634c1e15adf3a74bf61c7e459ec2ecce
checkpoint_last-model_part-0-shard58.pt,8ae85e4ee8fcc8bcd71227f095faa850
checkpoint_last-model_part-0-shard59.pt,c6fb74f5e31adce1a44271922247410b
checkpoint_last-model_part-0-shard6.pt,667f863a20f1306e978cb16dcbc39bba
checkpoint_last-model_part-0-shard60.pt,2773ff6b039caf17424a6c445a505675
checkpoint_last-model_part-0-shard61.pt,e9bee7ac5a97ba78d06ac37b8b14c5b7
checkpoint_last-model_part-0-shard62.pt,4bdc2751528305de3669e0a6c115a7c8
checkpoint_last-model_part-0-shard63.pt,b10a34016d7fea4aa124141ba0247c61
checkpoint_last-model_part-0-shard64.pt,7cfa25afe45dd403cc811ecdca5d3785
checkpoint_last-model_part-0-shard65.pt,7d809464d8e75ec401efaa45fc25e4a0
checkpoint_last-model_part-0-shard66.pt,7474f1cd4d8d4f590f745727197544a8
checkpoint_last-model_part-0-shard67.pt,6c509174e2e7e20edca8539bba76de0c
checkpoint_last-model_part-0-shard68.pt,698fb59d57878ea4593c65a4772c3bff
checkpoint_last-model_part-0-shard69.pt,3d2ac1884f0adaa71b13435c8a61784e
checkpoint_last-model_part-0-shard7.pt,37691f87205d451da958b0a2378a1ea2
checkpoint_last-model_part-0-shard70.pt,026cd3e3473cb04a29da374d0791cfc2
checkpoint_last-model_part-0-shard71.pt,5d277dc247c42992b38a48323248bce5
checkpoint_last-model_part-0-shard72.pt,f6c7b90b44b34c0c1b53b8dab63c322c
checkpoint_last-model_part-0-shard73.pt,4adc56556bd0962e554fc2460b20444d
checkpoint_last-model_part-0-shard74.pt,7602a0cedac995583cbcd7603c423ec9
checkpoint_last-model_part-0-shard75.pt,1b1e32b66e6802375468ef1648b0778b
checkpoint_last-model_part-0-shard76.pt,b2dff8aa346b1c2a7a9bc19b5e5ede84
checkpoint_last-model_part-0-shard77.pt,c33d2752729c15c0c23f96bae894bc64
checkpoint_last-model_part-0-shard78.pt,1ba5b0c0ada196ae276df7eb76e67120
checkpoint_last-model_part-0-shard79.pt,a3a155b5d74fc0a5e3021b8ba311b724
checkpoint_last-model_part-0-shard8.pt,e98ba6b4d39729d2c3804691ea97d8cf
checkpoint_last-model_part-0-shard80.pt,182ab76fb6bf222d312bb889c7e999fc
checkpoint_last-model_part-0-shard81.pt,468d4aa75500acc5d92cebc32e161bb3
checkpoint_last-model_part-0-shard82.pt,1bec17c195731b924b80d19db691770a
checkpoint_last-model_part-0-shard83.pt,6c621dbd98710279a38ee691bec2cdff
checkpoint_last-model_part-0-shard84.pt,9b101036c7436f575e89c88654d66306
checkpoint_last-model_part-0-shard85.pt,9de75f320589a04099a7dc228777592f
checkpoint_last-model_part-0-shard86.pt,8db8d996ec6d482d3166ee7820ce4dd0
checkpoint_last-model_part-0-shard87.pt,27979f3067a5e92e6d2858953845a7eb
checkpoint_last-model_part-0-shard88.pt,52d8d138eaec5b58e6d362b36ed8ab0a
checkpoint_last-model_part-0-shard89.pt,e96d2269cffbd2fe1c5ea3b80907bed6
checkpoint_last-model_part-0-shard9.pt,c1c502adbee2a0154864164e730b2c84
checkpoint_last-model_part-0-shard90.pt,986d64f3d0db2345c41864850ee95fed
checkpoint_last-model_part-0-shard91.pt,addb6055f1815fd31b9285477a78780d
checkpoint_last-model_part-0-shard92.pt,a2aa3cb5372e27345b5f0f619a8ed79f
checkpoint_last-model_part-0-shard93.pt,c57441c53fbb2354c35adf6b39973b1e
checkpoint_last-model_part-0-shard94.pt,f600519cd5a20f19aa9d107a9692d7c2
checkpoint_last-model_part-0-shard95.pt,8cf468c869ad65203d13419a43dec397
checkpoint_last-model_part-0-shard96.pt,f142cd3173501db83cf87e6bbb73d77d
checkpoint_last-model_part-0-shard97.pt,c5ffb404df7d7fb96cdfc2c3bfc78659
checkpoint_last-model_part-0-shard98.pt,739bb08bfe923d9c9f261d3fbcfbad55
checkpoint_last-model_part-0-shard99.pt,55fb0af7a2b78178473013b77923487c
checkpoint_last-model_part-1-shard0.pt,90810399ecb71b5eda76e339783878c9
checkpoint_last-model_part-1-shard1.pt,9b67f30b223c241802436672e675f0f7
checkpoint_last-model_part-1-shard10.pt,2b6011a3ebd07ab508a4801667677a7d
checkpoint_last-model_part-1-shard100.pt,441c142b88ddd45a37b9c3b72e012aa8
checkpoint_last-model_part-1-shard101.pt,bd91adb69565b6e94bc4bcb88628962e
checkpoint_last-model_part-1-shard102.pt,650279c8e05a27229410aac6e3b8bd77
checkpoint_last-model_part-1-shard103.pt,d16e0d96d873c1601f9ab347f5921311
checkpoint_last-model_part-1-shard104.pt,4c956f065af8f98671c7db060064e32a
checkpoint_last-model_part-1-shard105.pt,6bf9aad8e3e1c2beba96ae8292780fa2
checkpoint_last-model_part-1-shard106.pt,8676096ca7fb399c89d2c61a5d17bb06
checkpoint_last-model_part-1-shard107.pt,c8e6f04fb2807b545bb0724bfe10713a
checkpoint_last-model_part-1-shard108.pt,cea41ac47bd1e0b9f15d3fb2bdb69446
checkpoint_last-model_part-1-shard109.pt,5b2799aa153864ba6d43134a7567ec86
checkpoint_last-model_part-1-shard11.pt,36bb7b33d9e413e28584cdbdf515afb3
checkpoint_last-model_part-1-shard110.pt,57b0ffc56fcec838506e6f14466a3c4b
checkpoint_last-model_part-1-shard111.pt,815b4bbbbee758045f7495922bfe3d01
checkpoint_last-model_part-1-shard112.pt,336ea903529ca7ccc71ec725e0be3eac
checkpoint_last-model_part-1-shard113.pt,f00a12f5d0cd696ff99b80d53b8b8813
checkpoint_last-model_part-1-shard114.pt,821d8b2139ce864d7421e6d23100fb78
checkpoint_last-model_part-1-shard115.pt,62241446f9e0ed57f7b1b44e6fbdfc09
checkpoint_last-model_part-1-shard116.pt,4ba2e17cca6e8c4a3c6a80c2af8c9fbb
checkpoint_last-model_part-1-shard117.pt,bacf8071a3a7a576b5432d83d0cf6906
checkpoint_last-model_part-1-shard118.pt,be27de91f662f7e4dc5201f531de3420
checkpoint_last-model_part-1-shard119.pt,6e0a1d047d7e57843e82f049f5328473
checkpoint_last-model_part-1-shard12.pt,0f4eac1bc5f9255d49627f42f8978d3c
checkpoint_last-model_part-1-shard120.pt,8bb47807bd7c98c89bbc8ad052c054e7
checkpoint_last-model_part-1-shard121.pt,ee2e4780c76434246bfe3fd5e9f8813e
checkpoint_last-model_part-1-shard122.pt,6c77a780489fd4294e12e98cd9866fd1
checkpoint_last-model_part-1-shard123.pt,ad6fd7e169ea65582d35c2307c36ef71
checkpoint_last-model_part-1-shard13.pt,9c4a90d1ef618212529dbffc9d4f4580
checkpoint_last-model_part-1-shard14.pt,ea952f0b0a883506d2701a95d7e59f1e
checkpoint_last-model_part-1-shard15.pt,51355ec1d4b187d73e4156c3877c0222
checkpoint_last-model_part-1-shard16.pt,a8214751c97ed058eb169466b3719dd8
checkpoint_last-model_part-1-shard17.pt,d80d67578b76b01914101dde69aa587c
checkpoint_last-model_part-1-shard18.pt,9f56653acf558864d38c5cfdf4662a2f
checkpoint_last-model_part-1-shard19.pt,808f6c73bcdbc94d1457c960d7af8513
checkpoint_last-model_part-1-shard2.pt,31402d246cb4903b924e13399ae600aa
checkpoint_last-model_part-1-shard20.pt,705bc81b27d12f5a4153dbc6e0ef3a19
checkpoint_last-model_part-1-shard21.pt,635d4e8aa7b15c39867cb87e7d4b9561
checkpoint_last-model_part-1-shard22.pt,d4dfb35c4889d5b06dd5731e1f2ab839
checkpoint_last-model_part-1-shard23.pt,01a95f19f8711ac5ec8dfe02dacec147
checkpoint_last-model_part-1-shard24.pt,8152e62551ec16755a10ef79a8aa6053
checkpoint_last-model_part-1-shard25.pt,72c565383762be97d63016589c372a77
checkpoint_last-model_part-1-shard26.pt,a5ca802493ed402ebf92d879f7a62e4d
checkpoint_last-model_part-1-shard27.pt,64341a7f80ddf0a365317c354539e1d9
checkpoint_last-model_part-1-shard28.pt,9f7675936480d2cb1465809316500a9c
checkpoint_last-model_part-1-shard29.pt,a3c51b101c081aa6dd484b003561117e
checkpoint_last-model_part-1-shard3.pt,7d5d9416e3e36d7a1268f521b568428e
checkpoint_last-model_part-1-shard30.pt,24a43eb9c08a369f7ea3575790e85e48
checkpoint_last-model_part-1-shard31.pt,308eb14c9d8e93eb63959680c8cbf3c3
checkpoint_last-model_part-1-shard32.pt,895fab8bf23ea23445a89371604fb676
checkpoint_last-model_part-1-shard33.pt,61015e15edd585842ee71ee37eddc63f
checkpoint_last-model_part-1-shard34.pt,03e1d23e0d2178655ead739448d08f12
checkpoint_last-model_part-1-shard35.pt,1bd30d8528ff427954597a55f12055d4
checkpoint_last-model_part-1-shard36.pt,89ca799c4f5ce013dc90a073aff2bc52
checkpoint_last-model_part-1-shard37.pt,413aa0f31c2fd7e98e4b3933df625fa4
checkpoint_last-model_part-1-shard38.pt,d96a0de892e8d3a9ed5b1068f462b681
checkpoint_last-model_part-1-shard39.pt,0050e34ecb9c0dec67eb8fc102f31eb2
checkpoint_last-model_part-1-shard4.pt,2abdb841f3a99f0f3adac03dd0237e10
checkpoint_last-model_part-1-shard40.pt,b6fd04adb0550c606afe4341df5a03e7
checkpoint_last-model_part-1-shard41.pt,c9b4c0dea36f7fb2119b04e2088c9550
checkpoint_last-model_part-1-shard42.pt,b0106caadab25ca5710be593e501795e
checkpoint_last-model_part-1-shard43.pt,2a92bea8e910cdb70def55da7ab11cf4
checkpoint_last-model_part-1-shard44.pt,4ee4341140ae2f4029b680b7f5c88776
checkpoint_last-model_part-1-shard45.pt,c5c681bd182692903e178c5aec6d268e
checkpoint_last-model_part-1-shard46.pt,c9cdf5a087105d2d605cce821049082d
checkpoint_last-model_part-1-shard47.pt,a93b9d7055fe9b3935207870ed834cd7
checkpoint_last-model_part-1-shard48.pt,0352f2c8cdd883bd52bbaa3ace441e2f
checkpoint_last-model_part-1-shard49.pt,e2bd1f236e60e895a597a87386739991
checkpoint_last-model_part-1-shard5.pt,acbea5c8ec65138e99f8dd641d3df2b0
checkpoint_last-model_part-1-shard50.pt,b3c1491ca1a389301e7b4ca7c1a03945
checkpoint_last-model_part-1-shard51.pt,4bcaed5e991388457e3d61a35d1d76d2
checkpoint_last-model_part-1-shard52.pt,d5c7efa0be3cbf0d51a8d548b7a6d3a9
checkpoint_last-model_part-1-shard53.pt,f312f8b12a9867153ab867ec9824ffab
checkpoint_last-model_part-1-shard54.pt,e6943aca4df118fa48aa8a6bc31566c1
checkpoint_last-model_part-1-shard55.pt,c36f286ec50cb2f3bc48e09fb3f99b54
checkpoint_last-model_part-1-shard56.pt,c4198c81bb6ae8c10de857e6cd7d8c1d
checkpoint_last-model_part-1-shard57.pt,02f744ea196185512171da9678a80384
checkpoint_last-model_part-1-shard58.pt,db7e29e89fbf51567199f2265047146d
checkpoint_last-model_part-1-shard59.pt,e05518f3014d3c5e1b90e3aa0e0f1982
checkpoint_last-model_part-1-shard6.pt,f277f2229af41b2e62ca7fb78fb91eb1
checkpoint_last-model_part-1-shard60.pt,b4d29d037796b092f6934e729fb5a7e8
checkpoint_last-model_part-1-shard61.pt,e3e875346327f44ace73ece73f3ec92e
checkpoint_last-model_part-1-shard62.pt,79a63373181fc1c6be47fd2caaef0fac
checkpoint_last-model_part-1-shard63.pt,56dc8e751a618e83cc5d2ca68d0697b7
checkpoint_last-model_part-1-shard64.pt,54060d99c24086313a17df8bf9f82c9d
checkpoint_last-model_part-1-shard65.pt,6c4131c7a2cdf204e8d828965c060aa9
checkpoint_last-model_part-1-shard66.pt,bdab76d1c05ce45d871ec889b094d844
checkpoint_last-model_part-1-shard67.pt,8118e3ab20634cd3b221826e4e55e2c2
checkpoint_last-model_part-1-shard68.pt,597073976ad55d80f5ea166283504245
checkpoint_last-model_part-1-shard69.pt,13a75cc6f0be259f5193b13faff71547
checkpoint_last-model_part-1-shard7.pt,3509bc8653477d7bab8e3c69bb255ec7
checkpoint_last-model_part-1-shard70.pt,2b019306ebfb614e9943dab56cbfeead
checkpoint_last-model_part-1-shard71.pt,11e3191d952f6a2b810de22eef70c67c
checkpoint_last-model_part-1-shard72.pt,725cadaef3db85fd1ad1ed0ce4394c9e
checkpoint_last-model_part-1-shard73.pt,114fb41b36160dbea4c88ec7a03e533c
checkpoint_last-model_part-1-shard74.pt,69caf6de29eccc1713c250115bb76879
checkpoint_last-model_part-1-shard75.pt,f11242c4bb526198ee9b2fdbd1cc89e0
checkpoint_last-model_part-1-shard76.pt,36992c2069501b3ba121bcc3cff90f79
checkpoint_last-model_part-1-shard77.pt,fd3319e758e9c14902aaed8fcb1f137d
checkpoint_last-model_part-1-shard78.pt,863effe80c957bd91081d46d56141155
checkpoint_last-model_part-1-shard79.pt,3a885d367b06cebda21a8aa448232927
checkpoint_last-model_part-1-shard8.pt,d1058498bef700a1c9ebff945b2b9799
checkpoint_last-model_part-1-shard80.pt,3ce9d46f9a827848b494625037369777
checkpoint_last-model_part-1-shard81.pt,6d66b9b4a488ea20d3c609833c3bcb7c
checkpoint_last-model_part-1-shard82.pt,84c3d76870ebd8917bf0c2e5e3a35859
checkpoint_last-model_part-1-shard83.pt,e4a1eee47c0d946c7a98b93943a17b69
checkpoint_last-model_part-1-shard84.pt,7eb983926584f568c6ea5461653401ab
checkpoint_last-model_part-1-shard85.pt,c8ee56912bd19b20fa544fe24f75b715
checkpoint_last-model_part-1-shard86.pt,ad96ab89eb1deb37554272dd63005cd2
checkpoint_last-model_part-1-shard87.pt,7d92fe3001d514bafe977a40724f3801
checkpoint_last-model_part-1-shard88.pt,d27a706f32b7ea680e08bd4d65971979
checkpoint_last-model_part-1-shard89.pt,95a6f9c56cbb37ea964057c5276909f5
checkpoint_last-model_part-1-shard9.pt,01d371900aae17b42282d4a50fb9638e
checkpoint_last-model_part-1-shard90.pt,bb9bd470972f600912e1ed2fdc4f1300
checkpoint_last-model_part-1-shard91.pt,1ff2e1f1ebcd310af6e72fbf9fccdd58
checkpoint_last-model_part-1-shard92.pt,07bc81e61181f06d5d3121bf9116e9e9
checkpoint_last-model_part-1-shard93.pt,665b1b8099bf52858ff70303ab581eba
checkpoint_last-model_part-1-shard94.pt,c69feb7ce0d69801761f8450e0f98e32
checkpoint_last-model_part-1-shard95.pt,e0963214ee4f5e82b5c13014247cbf44
checkpoint_last-model_part-1-shard96.pt,606bd100723b5e2fa77b39fa24ee26d4
checkpoint_last-model_part-1-shard97.pt,f2e89deff9c38e6dba846c00ed548346
checkpoint_last-model_part-1-shard98.pt,e81b01d9ce6e476c38abafab2f8bbd48
checkpoint_last-model_part-1-shard99.pt,573ec6747e9ad63f672734be9a492939
checkpoint_last-model_part-2-shard0.pt,99b6ffd2cb90cddc22ac1c8c2e47ae2c
checkpoint_last-model_part-2-shard1.pt,f24e203f6b5db41f5030373edf1b42ee
checkpoint_last-model_part-2-shard10.pt,a419e5be6c7db91bba19ab4a377923b9
checkpoint_last-model_part-2-shard100.pt,c8720fe4ffd014aef4649785d99efc36
checkpoint_last-model_part-2-shard101.pt,72ac6a57fc41f3a067c5908a171c89f7
checkpoint_last-model_part-2-shard102.pt,ad66c6b11df1efe3d6f76ba6ec552f3a
checkpoint_last-model_part-2-shard103.pt,70b8b3e85f1bb245dfa2deb873ef94f9
checkpoint_last-model_part-2-shard104.pt,7c2e5eedb7d5ecd81af1369aa83d4797
checkpoint_last-model_part-2-shard105.pt,c25cc416ef6a2a65d4e20dbf3bf51fdb
checkpoint_last-model_part-2-shard106.pt,c2dabe3b6fa9adf72fb6c42d93690dca
checkpoint_last-model_part-2-shard107.pt,067fa2419975efe6e422fd669add9def
checkpoint_last-model_part-2-shard108.pt,c58049f5d0585cf25dd16b0fa3f58d8e
checkpoint_last-model_part-2-shard109.pt,86f46f2ef3eea80ce95861bb4e5038aa
checkpoint_last-model_part-2-shard11.pt,2180e785f6982469e63d8d161f3fd851
checkpoint_last-model_part-2-shard110.pt,547afefe4a7969fedfbdc94526ef9c8e
checkpoint_last-model_part-2-shard111.pt,bca0aaea910327189db5223689741a37
checkpoint_last-model_part-2-shard112.pt,6ec84c46dc76d45be97a438bece52478
checkpoint_last-model_part-2-shard113.pt,1e646af713bb22a4c0b91bb7d55696e6
checkpoint_last-model_part-2-shard114.pt,323eba910e21f1d1ee92b162363d14a5
checkpoint_last-model_part-2-shard115.pt,e60928ce34f1aa0aed335f520ad55632
checkpoint_last-model_part-2-shard116.pt,598c89077da27d775d87abd5ee4a95ff
checkpoint_last-model_part-2-shard117.pt,4f5fa26643a08c2d19d9285863506067
checkpoint_last-model_part-2-shard118.pt,a7991f5b7a1605dc99bc3a81d59ee220
checkpoint_last-model_part-2-shard119.pt,6d46d9a2d91d7c311457557ea558bd8d
checkpoint_last-model_part-2-shard12.pt,4fc0a67f7a4e549fdd80e256b59000c7
checkpoint_last-model_part-2-shard120.pt,d304714654f127b08fe7b07bf8630a7f
checkpoint_last-model_part-2-shard121.pt,48ccf67d35530107662fe5b7780a81b8
checkpoint_last-model_part-2-shard122.pt,e01782aa033feecf2b0a144f650ffe17
checkpoint_last-model_part-2-shard123.pt,435ca22803ac9b60389af248fac725bd
checkpoint_last-model_part-2-shard13.pt,e7a536049f1968ee8ab5666b9738004b
checkpoint_last-model_part-2-shard14.pt,7340204510360c1b1f15fcac4caec30d
checkpoint_last-model_part-2-shard15.pt,58125a181c7635989f15c7fcd797c39c
checkpoint_last-model_part-2-shard16.pt,c4be6f387c566411dc2082fc548eed09
checkpoint_last-model_part-2-shard17.pt,55ad43a99c5142c61e802edf6afbdd53
checkpoint_last-model_part-2-shard18.pt,2a4d80854db4832056f97f57e582bea5
checkpoint_last-model_part-2-shard19.pt,40618f181ea56afe03dd641be516b115
checkpoint_last-model_part-2-shard2.pt,9ea09151a26cd7f4fb9bac547e97c537
checkpoint_last-model_part-2-shard20.pt,d3fc3efcfd3c1eb986fb0af2ff6d9c14
checkpoint_last-model_part-2-shard21.pt,b15c3f2e955bf458fbc0e11f24351074
checkpoint_last-model_part-2-shard22.pt,cf992aeb21490dea174954bfc5aff146
checkpoint_last-model_part-2-shard23.pt,648f8eb05490d682bbb119d1b30e6291
checkpoint_last-model_part-2-shard24.pt,5952a5d1d6da29a65e680a411fbaeff3
checkpoint_last-model_part-2-shard25.pt,9769219344feba116de1926dc0cd7288
checkpoint_last-model_part-2-shard26.pt,a5222f9de0ac3b198246c4d13a8c138e
checkpoint_last-model_part-2-shard27.pt,5783dae849d2a6791d6bbf0a10d166b0
checkpoint_last-model_part-2-shard28.pt,3859e944507c10135bd557f3efb471fa
checkpoint_last-model_part-2-shard29.pt,4d65acb2de5e356ed4eea3bc17f9a1a2
checkpoint_last-model_part-2-shard3.pt,2d41b8e1007c86a2b94852a711919273
checkpoint_last-model_part-2-shard30.pt,7b0441d57ff24aaffba19a9d0515a466
checkpoint_last-model_part-2-shard31.pt,4971652dc78c252e65e412685a9f674a
checkpoint_last-model_part-2-shard32.pt,b33c7893e6ea34c4da5382ac4e887d4e
checkpoint_last-model_part-2-shard33.pt,ab47925564bd8e9aeb994d4ccfb56ff8
checkpoint_last-model_part-2-shard34.pt,3bb75d4d61ffb7744582eda203eebf97
checkpoint_last-model_part-2-shard35.pt,59bac87f4434ecfef61ff7164e96c5a1
checkpoint_last-model_part-2-shard36.pt,0d879e4ba538ddfe26ccbb0b6dc00906
checkpoint_last-model_part-2-shard37.pt,afd444a66f13adc85e534906df5ec886
checkpoint_last-model_part-2-shard38.pt,75463384d86843b6e83e076b479ccd52
checkpoint_last-model_part-2-shard39.pt,a1ca38306beac998ab3657d5133eb920
checkpoint_last-model_part-2-shard4.pt,9e931b46269df1d0fb6882b49e009d4e
checkpoint_last-model_part-2-shard40.pt,916857a15c8da19ec28e753f09627135
checkpoint_last-model_part-2-shard41.pt,ca0e0a40f5d0c2d6692accba915e6a18
checkpoint_last-model_part-2-shard42.pt,5bc023eb876939bc3d65c7ccd19c2002
checkpoint_last-model_part-2-shard43.pt,2e5a01f5c4bcbb03dacbc2bad223f95a
checkpoint_last-model_part-2-shard44.pt,3d889c0337376a9e8504f4baead340f6
checkpoint_last-model_part-2-shard45.pt,afcce0cacbd7caeb7f9b9ee6ea5d0b81
checkpoint_last-model_part-2-shard46.pt,67a94131ff32259dafef1c339eb4151f
checkpoint_last-model_part-2-shard47.pt,75d44195e01c79591d43b181e79d81b2
checkpoint_last-model_part-2-shard48.pt,db771fd458588bc5d3b3718d47a831e9
checkpoint_last-model_part-2-shard49.pt,d2555d4a9ef4fe325b733ef749ab2c5b
checkpoint_last-model_part-2-shard5.pt,76cfeff4a82720830a8e12981f77a141
checkpoint_last-model_part-2-shard50.pt,e3a1a1fcf46ed75d0bdcfa59c3ff852c
checkpoint_last-model_part-2-shard51.pt,d75f4eb4b4ccf404a190d51ccd20820f
checkpoint_last-model_part-2-shard52.pt,574317635f8ef2216d0190b1119ef629
checkpoint_last-model_part-2-shard53.pt,d41266ccb05a53460e8c0694e7c7c69b
checkpoint_last-model_part-2-shard54.pt,060a2ddaa9dec017d2cb87512982dbd6
checkpoint_last-model_part-2-shard55.pt,4f9d8f9574d0376b70d046c565e3ded8
checkpoint_last-model_part-2-shard56.pt,3a90efa47cda78db38886e8d1056c8d3
checkpoint_last-model_part-2-shard57.pt,d5c7276f7b9d4221d06ec84cd3d3fca4
checkpoint_last-model_part-2-shard58.pt,0d9ee835a0067c067b53fccc5f8dccb2
checkpoint_last-model_part-2-shard59.pt,dd4acbe02902561a0cd8cf0833b659e6
checkpoint_last-model_part-2-shard6.pt,3370baa1acdf658e5be19f5929d34162
checkpoint_last-model_part-2-shard60.pt,8ee0976c56dacbe2fa82580f1e682893
checkpoint_last-model_part-2-shard61.pt,d8f20a0ce5bd15fc909aedc487db3e1b
checkpoint_last-model_part-2-shard62.pt,d9e6c28e04ec343966de70099c1c0eb1
checkpoint_last-model_part-2-shard63.pt,da2684ca4d29bb9cc9b2fa58e4d91b9a
checkpoint_last-model_part-2-shard64.pt,eeb1d9ebf2a936979a79e9c567928fb5
checkpoint_last-model_part-2-shard65.pt,59fdaf65fbe4e3884d5155781637df3b
checkpoint_last-model_part-2-shard66.pt,2e856bff969da013936e35053d9d3be2
checkpoint_last-model_part-2-shard67.pt,c4029841e3a404fd0a6fc6290bad6283
checkpoint_last-model_part-2-shard68.pt,a1ebbcf3a0111a4ba63ac0c0a2ea4270
checkpoint_last-model_part-2-shard69.pt,776e4210f1b89335e023af10d0434a58
checkpoint_last-model_part-2-shard7.pt,dfb3a556893e3177633c5ba88b06382d
checkpoint_last-model_part-2-shard70.pt,155e8e4e2e0717dac16848b9ae3808c7
checkpoint_last-model_part-2-shard71.pt,7a25ffbbabc155e88b01641d920b0566
checkpoint_last-model_part-2-shard72.pt,fa737cdd2b243a00f11569b332b88276
checkpoint_last-model_part-2-shard73.pt,c539d8c97618204172884ad0d75604ab
checkpoint_last-model_part-2-shard74.pt,64688ae0d774158cfe52461efa7afbfb
checkpoint_last-model_part-2-shard75.pt,84c6450d8de6a13670374adc77f9fdc6
checkpoint_last-model_part-2-shard76.pt,bef9736170fc033c88fec35923407404
checkpoint_last-model_part-2-shard77.pt,7e9667b10c43a7c72c2ce0a8b2552b21
checkpoint_last-model_part-2-shard78.pt,997bd2decfe2ea9e106c733da1a529ae
checkpoint_last-model_part-2-shard79.pt,fd0a955fa287f94ab5fa2fd7b6e70666
checkpoint_last-model_part-2-shard8.pt,86d024ef032721c7b14469ecda146653
checkpoint_last-model_part-2-shard80.pt,21214b6dbcf0c6a0c098240c152549e1
checkpoint_last-model_part-2-shard81.pt,d6f876b019cbd3ff971fea574a8f5cea
checkpoint_last-model_part-2-shard82.pt,648bcf7e0f21f4f1650cdef8b6037403
checkpoint_last-model_part-2-shard83.pt,d2bbd3e03b7a764674c92dc44c8ed781
checkpoint_last-model_part-2-shard84.pt,4c59c97f2d0d9a319b7aca5cd5b24acc
checkpoint_last-model_part-2-shard85.pt,155b88eecbfcece1d3ebd739c2e59d14
checkpoint_last-model_part-2-shard86.pt,4f0e83ed33f73bc0d63eba0b9dc91c20
checkpoint_last-model_part-2-shard87.pt,cb150b0d146b1d64f15e299c21f5f276
checkpoint_last-model_part-2-shard88.pt,7d15d9c65172b2eaf246a706f64a1ad8
checkpoint_last-model_part-2-shard89.pt,975d30aed1398dd9f3451c9a276946a9
checkpoint_last-model_part-2-shard9.pt,7221878f706af4f00b612f9c87ad381f
checkpoint_last-model_part-2-shard90.pt,b002aaf11521fc7b8c89cd65d7aa6283
checkpoint_last-model_part-2-shard91.pt,99fc12888fa37fbf6ee5980c018b631d
checkpoint_last-model_part-2-shard92.pt,076ecc32500aacc503f19f340f6d4264
checkpoint_last-model_part-2-shard93.pt,1c198437e81c8ef6544f668dd3d7f4ec
checkpoint_last-model_part-2-shard94.pt,09fc25a254b832746a4575ef7beac0cb
checkpoint_last-model_part-2-shard95.pt,7de99f96d0a6f2a1ec5cefa5d65a5ce3
checkpoint_last-model_part-2-shard96.pt,e201cae7b4cb7b0b31c8314edfc39b5f
checkpoint_last-model_part-2-shard97.pt,2899374445e22a2f72874ec97769ae04
checkpoint_last-model_part-2-shard98.pt,71daf549b65af3425faedd0a270c7b1d
checkpoint_last-model_part-2-shard99.pt,4b0ad6d8e3cde967678e62cfad125d87
checkpoint_last-model_part-3-shard0.pt,a43e4ea930c831ecd61596acdf731db9
checkpoint_last-model_part-3-shard1.pt,d9b9331c8d21d750424f5183f7c2d10d
checkpoint_last-model_part-3-shard10.pt,29febd4d196c9ba7311083c284bdd8c1
checkpoint_last-model_part-3-shard100.pt,b52cdff5b2e25c1fa6ac9fe7cf691da6
checkpoint_last-model_part-3-shard101.pt,c5555fc1efbeff78aef6132a2b36263e
checkpoint_last-model_part-3-shard102.pt,edbe3a47cef1d5f02ca7822c8adb63b3
checkpoint_last-model_part-3-shard103.pt,c53acbad4382e07f58f66e63e1ce2f69
checkpoint_last-model_part-3-shard104.pt,d859a17974963dc1836da143ab6667d2
checkpoint_last-model_part-3-shard105.pt,3e95e716958f68aae4748dd30e6af247
checkpoint_last-model_part-3-shard106.pt,d2efb146337c3dd370e0b68e8f74737c
checkpoint_last-model_part-3-shard107.pt,7581706aca54028a57a096ca2cdb5a35
checkpoint_last-model_part-3-shard108.pt,8bf64ed25f233fe458a50c6d6fc5b536
checkpoint_last-model_part-3-shard109.pt,ede0473bcb1c5dcfd6d6c80dd6542370
checkpoint_last-model_part-3-shard11.pt,6ba6ac9ca6b055494911ce9913253397
checkpoint_last-model_part-3-shard110.pt,65a80b21db7ddfa08522b950ed636eca
checkpoint_last-model_part-3-shard111.pt,5cfde2e7dfc82e4fae14f7dd55540a88
checkpoint_last-model_part-3-shard112.pt,0483636e6e62a327107cd34f51e282ac
checkpoint_last-model_part-3-shard113.pt,7d59cd1521d0fddbfe0a52eb6510cf4f
checkpoint_last-model_part-3-shard114.pt,1fab103dc6dba3405f36fc442ff7234b
checkpoint_last-model_part-3-shard115.pt,e298f6f50d54cb1d8cd6ee1676980127
checkpoint_last-model_part-3-shard116.pt,ceb826809025ac27f40d17fd2a557f25
checkpoint_last-model_part-3-shard117.pt,313e2f366c6a9e54d647278cd0994660
checkpoint_last-model_part-3-shard118.pt,788d3caa5f8c21bbb4ed03a282446d81
checkpoint_last-model_part-3-shard119.pt,1d56b6026143738c8fd890366fbae34e
checkpoint_last-model_part-3-shard12.pt,e631f2544ec1f09f25078a3963486217
checkpoint_last-model_part-3-shard120.pt,dc69e281875f6425bf75679b998a56ba
checkpoint_last-model_part-3-shard121.pt,1b18d196cfc2a3f252bb23720c790bbe
checkpoint_last-model_part-3-shard122.pt,0e4aa9f25e72d5ba016941bdbaf979c4
checkpoint_last-model_part-3-shard123.pt,ca744442c1566592fe289e494a0e87fa
checkpoint_last-model_part-3-shard13.pt,39a73cba669a6d2e1d4c750ae59ecaa8
checkpoint_last-model_part-3-shard14.pt,a9d0510d4574c8784284eddff0be47b4
checkpoint_last-model_part-3-shard15.pt,b111318bdd0a982e959d3bb5db1f3673
checkpoint_last-model_part-3-shard16.pt,9fbc9bc8e55566f0a6902599477eeedd
checkpoint_last-model_part-3-shard17.pt,eb1df63aeffcad66d6d5e01496d86ddd
checkpoint_last-model_part-3-shard18.pt,cab7a6d1b513e32f7fcf5a0019f53373
checkpoint_last-model_part-3-shard19.pt,1dce412f6f0301003ec18aa6d0d8f9d0
checkpoint_last-model_part-3-shard2.pt,8c729e345b0c1b7e47b347ef21013309
checkpoint_last-model_part-3-shard20.pt,f0ec1c4e253a2a0ab292b58f24d8877d
checkpoint_last-model_part-3-shard21.pt,6446fb7e3cda1c1a5bd97351f4b60e8a
checkpoint_last-model_part-3-shard22.pt,a1668d0a1a1b1ced001188e518a8bbe4
checkpoint_last-model_part-3-shard23.pt,499c76f83447dabcb1036cb3610b4ef9
checkpoint_last-model_part-3-shard24.pt,31194f9677b10f7e27f78572ea23b5f9
checkpoint_last-model_part-3-shard25.pt,e73dfb873c1dd4aa0d3beb58c90b2bd4
checkpoint_last-model_part-3-shard26.pt,56b51f24e93f32a6c1ddcc9c0ab4fa8c
checkpoint_last-model_part-3-shard27.pt,df7f692e05da5dd579108d7182f97647
checkpoint_last-model_part-3-shard28.pt,3b3f9bee6a1329ab96ad4d15eaeb697c
checkpoint_last-model_part-3-shard29.pt,51e105a66beb2543011fcdd41767d3fd
checkpoint_last-model_part-3-shard3.pt,ee8c777cb5fb2f39a7b5c033b005e466
checkpoint_last-model_part-3-shard30.pt,b7f4c56943eaa8246e086e3e483f4f4c
checkpoint_last-model_part-3-shard31.pt,e1ad748ed07ebd387fbe0946bbe96e39
checkpoint_last-model_part-3-shard32.pt,3327f82a663c211c3beff5e690bde1cd
checkpoint_last-model_part-3-shard33.pt,769172c073e85aefb212879ecbf546de
checkpoint_last-model_part-3-shard34.pt,a0f0d03d87641be77e4fdb4219a2c715
checkpoint_last-model_part-3-shard35.pt,13ca79868113f3262c5df19236fb8f94
checkpoint_last-model_part-3-shard36.pt,110044db5b136bd7419c2f127c1911fa
checkpoint_last-model_part-3-shard37.pt,416207634945cf6a1b88fa28a34e0501
checkpoint_last-model_part-3-shard38.pt,0c201ad95fc300729aab61c3e75c9023
checkpoint_last-model_part-3-shard39.pt,3019d4839a564fe01920dc2be9e32343
checkpoint_last-model_part-3-shard4.pt,b244e4246f634dbf03ee36235f858990
checkpoint_last-model_part-3-shard40.pt,92349b9f1cd55f1f9751a5a7d88a10eb
checkpoint_last-model_part-3-shard41.pt,a6beee0d266b1467d03509b7b92d6960
checkpoint_last-model_part-3-shard42.pt,70b35b83e21c8ad01671d09519dd3bae
checkpoint_last-model_part-3-shard43.pt,2119655d2791b5485be69ee9f6e337de
checkpoint_last-model_part-3-shard44.pt,7dd9cd5b9dd16a23ce5fd361214545bf
checkpoint_last-model_part-3-shard45.pt,8600b726e98293766c6036b57d40ee63
checkpoint_last-model_part-3-shard46.pt,8e27fe01bc283b4de6934c18dcbe2cf2
checkpoint_last-model_part-3-shard47.pt,7d02821116cd09a6939738eb7ec0cda5
checkpoint_last-model_part-3-shard48.pt,c0345ccc9da14c2898c449e690e696e0
checkpoint_last-model_part-3-shard49.pt,8da35bf1dee6aa76232f207f49994e46
checkpoint_last-model_part-3-shard5.pt,cd79cc1cf4aaad9ba1d5f3ee3c6586d5
checkpoint_last-model_part-3-shard50.pt,f9c6d56d3c7196c1b48b5c13e03815b8
checkpoint_last-model_part-3-shard51.pt,6e20281bccf769f62651e0cf10aeba46
checkpoint_last-model_part-3-shard52.pt,016481d73cd89970a8ca61b293e51eb1
checkpoint_last-model_part-3-shard53.pt,f6c671e543893d2a3733562cfb1baebd
checkpoint_last-model_part-3-shard54.pt,22ebc43262aef1d5eeb35ea883251a09
checkpoint_last-model_part-3-shard55.pt,835f8ac68ae2d5a1cc040590bb043289
checkpoint_last-model_part-3-shard56.pt,55bf3aac1a0600f9519b137f261ba407
checkpoint_last-model_part-3-shard57.pt,01462c81960f40b252ff36b2678b3a48
checkpoint_last-model_part-3-shard58.pt,b5888cf57492c4fbc59395079c781a66
checkpoint_last-model_part-3-shard59.pt,d7d3acf8a39fa3bfb7004a4746fa5a38
checkpoint_last-model_part-3-shard6.pt,53388687ddf2e32050438dffdd7490cf
checkpoint_last-model_part-3-shard60.pt,e3e20c421710136aff457726e971b0a3
checkpoint_last-model_part-3-shard61.pt,96ff26cefc51bb14704300e32a14d8e4
checkpoint_last-model_part-3-shard62.pt,3ecf710d0eba3951578529885e79d6af
checkpoint_last-model_part-3-shard63.pt,60ebb2ff459e3e0639e31a57f87a665c
checkpoint_last-model_part-3-shard64.pt,4b8a874769d97beddcb449aa077d437e
checkpoint_last-model_part-3-shard65.pt,5e27c5befee819645ad42045b9d281b5
checkpoint_last-model_part-3-shard66.pt,0dfdfd823b038b42e082c4cd8855abf8
checkpoint_last-model_part-3-shard67.pt,5a2448adc5c3855fa544dae2df50c8a6
checkpoint_last-model_part-3-shard68.pt,e41be414e8362d82af0070e08755ed19
checkpoint_last-model_part-3-shard69.pt,c77e83faa3519ed1a57c5ec7e222a85c
checkpoint_last-model_part-3-shard7.pt,52f34b9be9551c56b8c8f12e2345000e
checkpoint_last-model_part-3-shard70.pt,3fb6a293e7fbaccc9803347e1878485e
checkpoint_last-model_part-3-shard71.pt,59965cb5c8d519c22f23bc219e8924cd
checkpoint_last-model_part-3-shard72.pt,3b9f60de8f9c91be765f287e101b9059
checkpoint_last-model_part-3-shard73.pt,c533462e7040b354ffbbc0fed2236f5b
checkpoint_last-model_part-3-shard74.pt,fde12a8c8962ae06b958d208c8db355d
checkpoint_last-model_part-3-shard75.pt,a0e8b108daf00df99ed4f3e595538532
checkpoint_last-model_part-3-shard76.pt,13f7cbdb8ebd8c767ca62801a513c710
checkpoint_last-model_part-3-shard77.pt,259ee4d5471cb90c0bcd76fd07eb78f1
checkpoint_last-model_part-3-shard78.pt,7b074f4ff3afba3458e9c99371affb90
checkpoint_last-model_part-3-shard79.pt,06147582d92a80a4508e70768af536de
checkpoint_last-model_part-3-shard8.pt,81b1493c8d685200d6b05eb2cf911b36
checkpoint_last-model_part-3-shard80.pt,8b702a6901dd97d7f18313c7cb247ac2
checkpoint_last-model_part-3-shard81.pt,0efb1c4e71e6be14b2e1eaf05dcbd1d0
checkpoint_last-model_part-3-shard82.pt,e2ccc38955a91f3d72b1f7136e73504c
checkpoint_last-model_part-3-shard83.pt,3207dcfe4d314d8147324065688cd517
checkpoint_last-model_part-3-shard84.pt,711b1f5c98dfed5d9b53b30843a8de5f
checkpoint_last-model_part-3-shard85.pt,57232e7457796875fe12abe9cb691a0f
checkpoint_last-model_part-3-shard86.pt,55180bb0c98bc549429c0a08784f027a
checkpoint_last-model_part-3-shard87.pt,efab096dde0a1737bed57720be0e1a60
checkpoint_last-model_part-3-shard88.pt,2f48293e88c179d176bc8802dee3dabb
checkpoint_last-model_part-3-shard89.pt,338c27a720c8938ed5826ab2310f54fc
checkpoint_last-model_part-3-shard9.pt,57ddb63b3634acbef27ff0d970f7f3b2
checkpoint_last-model_part-3-shard90.pt,b1b875670bf6d7aa14f51262d82156fe
checkpoint_last-model_part-3-shard91.pt,3ff2fd48c8aa3521e3c49bd492b28798
checkpoint_last-model_part-3-shard92.pt,c15bee9570be1b5c725e61b293b278e8
checkpoint_last-model_part-3-shard93.pt,d8c81bf58903e8c08396e196d73481ed
checkpoint_last-model_part-3-shard94.pt,69dc26bc9404dfa9ca5c42c649a5a7da
checkpoint_last-model_part-3-shard95.pt,9988d70a4363048ba18697e908122b15
checkpoint_last-model_part-3-shard96.pt,0a85ee73a011ce2e1233c400cae9492d
checkpoint_last-model_part-3-shard97.pt,8bed68642d2ea6466339d9c677d90fd1
checkpoint_last-model_part-3-shard98.pt,8938bd150e5c4ac0bb195b2aa3dc5359
checkpoint_last-model_part-3-shard99.pt,494cad4ff034951fd898a0ec4a141c5b
checkpoint_last-model_part-4-shard0.pt,93b608c05b6679f48bc59ec2ed01c1d3
checkpoint_last-model_part-4-shard1.pt,9748b0a2d58721d1ae5cc71f2ba8151d
checkpoint_last-model_part-4-shard10.pt,bf3d982facfa37f5c00c0e3876c604ce
checkpoint_last-model_part-4-shard100.pt,f19ce941d910143d6af8e2d16659f3bc
checkpoint_last-model_part-4-shard101.pt,cf0e3c452755b078561e34281e4f3bcc
checkpoint_last-model_part-4-shard102.pt,503051fe9f148dde1d0d0948f5721cfd
checkpoint_last-model_part-4-shard103.pt,cc84ff5b97020393dfaca9202b07f7ce
checkpoint_last-model_part-4-shard104.pt,962da00850ecb7dbcc995192d91538f4
checkpoint_last-model_part-4-shard105.pt,a85df85ade13a482132a66a6f5bddfa4
checkpoint_last-model_part-4-shard106.pt,e516866969488928b20413b0bf1b7fe3
checkpoint_last-model_part-4-shard107.pt,c62b010e944531c2fe69cdcce87c4ea5
checkpoint_last-model_part-4-shard108.pt,e168a76b9c8bf9e2bf459b2399b00ff1
checkpoint_last-model_part-4-shard109.pt,38c048bbd610d5e8866abde073b5869f
checkpoint_last-model_part-4-shard11.pt,267847eba68d1e5e103bd93394789310
checkpoint_last-model_part-4-shard110.pt,8e277623848997b47abff727ab8dce30
checkpoint_last-model_part-4-shard111.pt,8c437b40ea0e68ec0387b412fecf3ed1
checkpoint_last-model_part-4-shard112.pt,b945d6a62dbdca0a74380a3791425dc5
checkpoint_last-model_part-4-shard113.pt,7d3451d80a5e554f9951c72b34b7503c
checkpoint_last-model_part-4-shard114.pt,1554beb0951290d6c30d8d9a490955e7
checkpoint_last-model_part-4-shard115.pt,317e58a340635d53e7833df48f760549
checkpoint_last-model_part-4-shard116.pt,5a192e01650b7356b3ff58d601b82f20
checkpoint_last-model_part-4-shard117.pt,a918e5efb2124885b5c4cafedcb485c8
checkpoint_last-model_part-4-shard118.pt,c3a5418acf6b2dc41ac1bee6d967b266
checkpoint_last-model_part-4-shard119.pt,779822bb1c49c3aead3d227b64731e0d
checkpoint_last-model_part-4-shard12.pt,2a1dcf81478860fe227ae2038cccb124
checkpoint_last-model_part-4-shard120.pt,ebb5e72e9a11612c796939231761e696
checkpoint_last-model_part-4-shard121.pt,576688a8c90d8890e94a64c5dcfcaadc
checkpoint_last-model_part-4-shard122.pt,86217433b196f1612aa5137603cb9f48
checkpoint_last-model_part-4-shard123.pt,6dcfe6cadce629fd83a993eadc063957
checkpoint_last-model_part-4-shard13.pt,bec3830b3ef00e7854691a6bbc886657
checkpoint_last-model_part-4-shard14.pt,9f402e3b8def0013b911d4375d3c2448
checkpoint_last-model_part-4-shard15.pt,7a5f50473e55ec8996191afc0d975e27
checkpoint_last-model_part-4-shard16.pt,d0a580ccf5a92b99d00f0eae3b5aa7d8
checkpoint_last-model_part-4-shard17.pt,160cf1e302667c6aa09605b08fc292dc
checkpoint_last-model_part-4-shard18.pt,d335fa761fe48f72bf134c36bfa4a544
checkpoint_last-model_part-4-shard19.pt,3a5527ca6080bba3003f97eeefb293e9
checkpoint_last-model_part-4-shard2.pt,5941250ea5c3d39a153ffbe66c49b2b3
checkpoint_last-model_part-4-shard20.pt,46f085dc14b9c07e075e842117da709c
checkpoint_last-model_part-4-shard21.pt,6bb5e59b80360f06a0d53f717095c9a2
checkpoint_last-model_part-4-shard22.pt,d53d92479013642ad84b29b519aa3143
checkpoint_last-model_part-4-shard23.pt,e52cc4c4271b8b90666f395d51da426a
checkpoint_last-model_part-4-shard24.pt,894d19c6421833773ca3bfdd6d1558dd
checkpoint_last-model_part-4-shard25.pt,f6a67dd7b49201fb22c1f0b5204d7f9a
checkpoint_last-model_part-4-shard26.pt,9577d6a23bba888f395e1418d38dc3fe
checkpoint_last-model_part-4-shard27.pt,800ab41edd42135d0347f81bbd3f7ed4
checkpoint_last-model_part-4-shard28.pt,cb552dfcdcbd62737ff8580b6b1a0ea4
checkpoint_last-model_part-4-shard29.pt,a7d63ed3549d72551584b65756bb69ab
checkpoint_last-model_part-4-shard3.pt,1c6057d37bba5ac0017cd36c8b5c8c06
checkpoint_last-model_part-4-shard30.pt,6080e15d72b3ad1798f1858646d06c37
checkpoint_last-model_part-4-shard31.pt,059234aa1c480cd2dcae7ba26ff0acf2
checkpoint_last-model_part-4-shard32.pt,e6f7db7b182d7ef943f6de7293c57633
checkpoint_last-model_part-4-shard33.pt,b43fa62ec936e7080d57f51372aa9275
checkpoint_last-model_part-4-shard34.pt,1b891236343f0f9b24a784b9c353f1c2
checkpoint_last-model_part-4-shard35.pt,aaa3e3a6e7869b6b598b08dfef1d577f
checkpoint_last-model_part-4-shard36.pt,522e1f09542582a916398836ab61b9d3
checkpoint_last-model_part-4-shard37.pt,3b204dada2ca6a419fb713502c166522
checkpoint_last-model_part-4-shard38.pt,175209af83cbd5a4a75bb0987b1aa125
checkpoint_last-model_part-4-shard39.pt,4a4cbce721d40434229726f3eeed01a2
checkpoint_last-model_part-4-shard4.pt,82be0e58edf0c40e2e1afe4f81a7d0f6
checkpoint_last-model_part-4-shard40.pt,95ab42875648128d452ae2788ef1b1a4
checkpoint_last-model_part-4-shard41.pt,cec5a426da4b9ad8057123abe9e13da4
checkpoint_last-model_part-4-shard42.pt,4ef510ca56968865f3c43aa4939d5e4a
checkpoint_last-model_part-4-shard43.pt,5316efc091e5cd6cb78f2f3fe61b8ae6
checkpoint_last-model_part-4-shard44.pt,d5f6b3f4fdd6a4908c3df6967742225e
checkpoint_last-model_part-4-shard45.pt,d62e837d5f71a96ef7a8091c164e545f
checkpoint_last-model_part-4-shard46.pt,bf6273508a3d6938726ff5b679f8cc64
checkpoint_last-model_part-4-shard47.pt,fef3176ed3afc34d7d7ed9a2f08d514c
checkpoint_last-model_part-4-shard48.pt,2774136a10d867554750fa5f4ac48861
checkpoint_last-model_part-4-shard49.pt,1e40b9d94bd9bff03a352de0faefa527
checkpoint_last-model_part-4-shard5.pt,3c926bed0bae016ef8ec6bb6fd39ad41
checkpoint_last-model_part-4-shard50.pt,4ed4e1c2ce4e6ea73afe876176f24dae
checkpoint_last-model_part-4-shard51.pt,21b20cd3960134c74ff89598fb888d5e
checkpoint_last-model_part-4-shard52.pt,235ee677b882dd5478b8aa80b4c35f47
checkpoint_last-model_part-4-shard53.pt,f016334f3a95c36fa6683f77f5448949
checkpoint_last-model_part-4-shard54.pt,d16d089a89d31f1f2606bad3d1c56080
checkpoint_last-model_part-4-shard55.pt,ed74b4fde634110dc728bf1200303e42
checkpoint_last-model_part-4-shard56.pt,39b7f94fdcd77e6cf939c2966b6acd37
checkpoint_last-model_part-4-shard57.pt,998791e41b5918ef501214d5980ece29
checkpoint_last-model_part-4-shard58.pt,a753944eebe87ac5c0a1bcb507251f3b
checkpoint_last-model_part-4-shard59.pt,b5557e81591f73b1caa11ee77d827b66
checkpoint_last-model_part-4-shard6.pt,7c707e5416dfb0cc0f8f1877dc45ddd3
checkpoint_last-model_part-4-shard60.pt,15326270815f45a1d51d5d67ea9d3313
checkpoint_last-model_part-4-shard61.pt,2bdc4cf33de82e45aaa3a8bcf847733a
checkpoint_last-model_part-4-shard62.pt,04125d06d1f9087ae8acf01bf11a2fc1
checkpoint_last-model_part-4-shard63.pt,bd7ae8c3aa839df4d414c3f2bfcc1a63
checkpoint_last-model_part-4-shard64.pt,e1f0f30b574b7a4353d780fbe0c08c53
checkpoint_last-model_part-4-shard65.pt,35ae3b5e8cb28fc215e6df7a3b7906f1
checkpoint_last-model_part-4-shard66.pt,f673db09f731db07e5c3edd68a6ae6c3
checkpoint_last-model_part-4-shard67.pt,b29db0f382166ecefd90a3fc32df6ab5
checkpoint_last-model_part-4-shard68.pt,ad6a6d32a6f1e8e4de0527bf5c67d489
checkpoint_last-model_part-4-shard69.pt,b18b86a5e832aed2c807e3523a286b8e
checkpoint_last-model_part-4-shard7.pt,91ca7df8f2d1e834acbc3eb529bff325
checkpoint_last-model_part-4-shard70.pt,5c9d2b3f86ec89ea9cb6ac253228293e
checkpoint_last-model_part-4-shard71.pt,2f8993a623d1fde4e56c4c2a18937c1c
checkpoint_last-model_part-4-shard72.pt,100b9c9a8e3cd00266eb623e125b1424
checkpoint_last-model_part-4-shard73.pt,459621a32cb5ad136d8834493ea9a2de
checkpoint_last-model_part-4-shard74.pt,846b3f33f1d8998ec959a312a94b51ec
checkpoint_last-model_part-4-shard75.pt,ef5f9e62a566d409a4e77190a4cdf2b9
checkpoint_last-model_part-4-shard76.pt,93a5c5232ac8bb4d4edea0f14697518f
checkpoint_last-model_part-4-shard77.pt,fd33a22e69f82229f76f76ee5e49f1d2
checkpoint_last-model_part-4-shard78.pt,faae99b56303fcc8d5d595edd447f794
checkpoint_last-model_part-4-shard79.pt,944b35a8ba3778ad0ae5c2c75c757c47
checkpoint_last-model_part-4-shard8.pt,eab81fe61f3a68c149d33bf3ed9c55e9
checkpoint_last-model_part-4-shard80.pt,dee50095dd3b83c444fd08d4c97f1096
checkpoint_last-model_part-4-shard81.pt,dea5ea60ae389fe60110cc788d337a8a
checkpoint_last-model_part-4-shard82.pt,d333fb62b14112ef11219c287c96af83
checkpoint_last-model_part-4-shard83.pt,f6addb46f2a9b509e76d83bfb664f561
checkpoint_last-model_part-4-shard84.pt,70775436e907176f381b66a627f9aeee
checkpoint_last-model_part-4-shard85.pt,8385f736de2e6bb6b7fda8ddcc8cb26c
checkpoint_last-model_part-4-shard86.pt,5e2c3425f133206c96a1c57b09804f13
checkpoint_last-model_part-4-shard87.pt,57fe552cc41d929c4e47b2d9fd415307
checkpoint_last-model_part-4-shard88.pt,ed643c4b01060935bfb3311d6351d4e0
checkpoint_last-model_part-4-shard89.pt,4a8660bfbc130edefd064da2c677df60
checkpoint_last-model_part-4-shard9.pt,89f83a893fbdb47aac4203d98bd8be96
checkpoint_last-model_part-4-shard90.pt,fd743a249fc091963a81f728cfae838e
checkpoint_last-model_part-4-shard91.pt,1fe5e4caf359008895682eaa088b786b
checkpoint_last-model_part-4-shard92.pt,5230f70cda0bb81657fd12a9ac12459a
checkpoint_last-model_part-4-shard93.pt,89c9acc7aa1c2495d321094140399b27
checkpoint_last-model_part-4-shard94.pt,27cd444e67fd7d3b541397497b3aa2b4
checkpoint_last-model_part-4-shard95.pt,9e9ecc22eba8dabddfbce5175e7ed7ab
checkpoint_last-model_part-4-shard96.pt,950cdbf21b2f2fa8a7d0f9240df887db
checkpoint_last-model_part-4-shard97.pt,d5c3d5f012845251f9f6c54324734e7d
checkpoint_last-model_part-4-shard98.pt,b2fcc32f057ee4ea5beabbf0e60425fb
checkpoint_last-model_part-4-shard99.pt,17017f688b8f83cc2f3d637529635753
checkpoint_last-model_part-5-shard0.pt,8723cd37e3694314bc3d75c25b48f92b
checkpoint_last-model_part-5-shard1.pt,eb5032a4d1d8102c3cfb8b1855afa560
checkpoint_last-model_part-5-shard10.pt,588ef789e57717704d00bea2d478f5fe
checkpoint_last-model_part-5-shard100.pt,382f77a17cc59150687239757004eac7
checkpoint_last-model_part-5-shard101.pt,10aeb3a776751d46e1f6b68de92024d4
checkpoint_last-model_part-5-shard102.pt,253874f62619f5a0e1f3ce40ff870858
checkpoint_last-model_part-5-shard103.pt,33df8412bb84be5b1688f521c22a5273
checkpoint_last-model_part-5-shard104.pt,3b557732912c000960f82b2f3987464f
checkpoint_last-model_part-5-shard105.pt,dc3bb5c8e804b016e17e21c04a72a7e6
checkpoint_last-model_part-5-shard106.pt,cc7109a8fd45344fa8518478bc5f569d
checkpoint_last-model_part-5-shard107.pt,69082bdffb49c9bd00f3e477948df8ad
checkpoint_last-model_part-5-shard108.pt,2ffb7f8fd3af62167b30162930a4769a
checkpoint_last-model_part-5-shard109.pt,de0602193b068b4524133d68058a0dcf
checkpoint_last-model_part-5-shard11.pt,f1a42f7aa13152638a7720a8d1f2631f
checkpoint_last-model_part-5-shard110.pt,650b42e2db285ed79952c461dce36a77
checkpoint_last-model_part-5-shard111.pt,f6a2d6b79888cc704e82dacb30dd7e4f
checkpoint_last-model_part-5-shard112.pt,e2eac77b0013201a97a65ac28acafed3
checkpoint_last-model_part-5-shard113.pt,ff9fcd79f723221cb370f11ffaeee90d
checkpoint_last-model_part-5-shard114.pt,0bba5ad225c0c9d7070a2f791eee3a2f
checkpoint_last-model_part-5-shard115.pt,e5e8d756616ef55e1e31f7af47b44e73
checkpoint_last-model_part-5-shard116.pt,d6e88012f74cade3f50ddf5976293039
checkpoint_last-model_part-5-shard117.pt,ba7f60c72bc356f2ef81bf11f064ebee
checkpoint_last-model_part-5-shard118.pt,88d82f1c71d1475005c572a5f4f597e0
checkpoint_last-model_part-5-shard119.pt,8ac7d1df02e0deaf4c9171df85666a22
checkpoint_last-model_part-5-shard12.pt,8448c29d15612a4139f8f722942b03a0
checkpoint_last-model_part-5-shard120.pt,58b331806665f5f473a7fe5dc92b0f17
checkpoint_last-model_part-5-shard121.pt,17efc7c9dcb33e143632e979615116b7
checkpoint_last-model_part-5-shard122.pt,5ea4530d99795efb525991f85faf6e6d
checkpoint_last-model_part-5-shard123.pt,583e61827282a24a176e0d4b0e0ba2fa
checkpoint_last-model_part-5-shard13.pt,3fb2cf8a11bfff4ac7d602d958245018
checkpoint_last-model_part-5-shard14.pt,a464fbe812dca6ca0315624c80403f58
checkpoint_last-model_part-5-shard15.pt,4368e1c9bead516e8c2c73942eb4fd9b
checkpoint_last-model_part-5-shard16.pt,b45efde69c4dccf25aa2d7a70558acb1
checkpoint_last-model_part-5-shard17.pt,c3bc8bef91411870e487590bb330b472
checkpoint_last-model_part-5-shard18.pt,794c4d0f063a2c1a495e488a9eec1dec
checkpoint_last-model_part-5-shard19.pt,29c472ee062091ab24d64b3dd510fe50
checkpoint_last-model_part-5-shard2.pt,bdd9f3ee764099fb225fd8676d3c574a
checkpoint_last-model_part-5-shard20.pt,2ef7f45ff329aca005f590cf38704906
checkpoint_last-model_part-5-shard21.pt,19af51b36d7c4d37ff0775f61daa87b9
checkpoint_last-model_part-5-shard22.pt,589825ea826f1e69e237f4eb91ef727b
checkpoint_last-model_part-5-shard23.pt,76ca42c39aefde707dd7a7306593e5c6
checkpoint_last-model_part-5-shard24.pt,2a78e48882bf9af31ffb97563406fad9
checkpoint_last-model_part-5-shard25.pt,7c1442dcb4bd67069290f0e5df01f2c7
checkpoint_last-model_part-5-shard26.pt,1e9c1efa5b7123240873eb3052cdb4fb
checkpoint_last-model_part-5-shard27.pt,9fc001967b38a45a490b3e14e238ca1b
checkpoint_last-model_part-5-shard28.pt,296dda282eb556ef537760fb9e371850
checkpoint_last-model_part-5-shard29.pt,8db5b60495a1bf79a0f22b67122f3d6a
checkpoint_last-model_part-5-shard3.pt,ebe0bda698e59c66bc6e4691a639199d
checkpoint_last-model_part-5-shard30.pt,cd8810aea563b702b9021f123966a3d3
checkpoint_last-model_part-5-shard31.pt,6560876b105b9fda8777458de4e0aeb9
checkpoint_last-model_part-5-shard32.pt,10e4c17bcd537a15f638a122d562fe3f
checkpoint_last-model_part-5-shard33.pt,919e8d0c32157f27f8e2b3ca29b5b5ab
checkpoint_last-model_part-5-shard34.pt,b7a974267c33f8a5b95c574fe2a1d1c6
checkpoint_last-model_part-5-shard35.pt,a6e13eaf8bc43f44a48120a2880b6721
checkpoint_last-model_part-5-shard36.pt,e5bb12dce9046a3548467ece2e0a7174
checkpoint_last-model_part-5-shard37.pt,e60de791f67b6abc21d39e1f4e4560a8
checkpoint_last-model_part-5-shard38.pt,0d26fd4966a60cf6a2f27098ecb2fed8
checkpoint_last-model_part-5-shard39.pt,bd6f08d3a55d062e82d329cd6a89af86
checkpoint_last-model_part-5-shard4.pt,fc3113621b386c89cedaf87efce679b3
checkpoint_last-model_part-5-shard40.pt,46ce72e6de317a5ba29661c5c3ecf82d
checkpoint_last-model_part-5-shard41.pt,01785ab3f97007eb8f9ddbfce1eb17c4
checkpoint_last-model_part-5-shard42.pt,eec6dfd671cf108f1171fc24ef78f927
checkpoint_last-model_part-5-shard43.pt,c782732395b884bf394cd734c7641d88
checkpoint_last-model_part-5-shard44.pt,bcc184524182b03a1f889aba391e174d
checkpoint_last-model_part-5-shard45.pt,d376f98e94e6445aec1a4c7827566a5b
checkpoint_last-model_part-5-shard46.pt,20da47878ef789d71f97f4eea38ea3e9
checkpoint_last-model_part-5-shard47.pt,f54a4324c3e82d72f76cb06028c475a2
checkpoint_last-model_part-5-shard48.pt,be5702a22115eb39582155af476094bd
checkpoint_last-model_part-5-shard49.pt,749ebabeb4c857e17a346c6b0fcb8572
checkpoint_last-model_part-5-shard5.pt,cd8839359c5c624fcfba0012488bd0f3
checkpoint_last-model_part-5-shard50.pt,5b0be70d4cebf6a800094f7462ea4686
checkpoint_last-model_part-5-shard51.pt,2af6ac9e2c440a29ad9ddab99af9a968
checkpoint_last-model_part-5-shard52.pt,cb0b177e3377e4e61ce0d6c519b6ba7c
checkpoint_last-model_part-5-shard53.pt,bfd26ce4500aac6bef06ea785283877b
checkpoint_last-model_part-5-shard54.pt,4734bcf27adcc0aa3fff55e75d0c6d3b
checkpoint_last-model_part-5-shard55.pt,5955ca659e187808c687425b526c53d1
checkpoint_last-model_part-5-shard56.pt,355aa957ad2e537c464bca6475b6e5e5
checkpoint_last-model_part-5-shard57.pt,8775099ec553cf1dfd85e63e51129d4b
checkpoint_last-model_part-5-shard58.pt,37eb366ec37d15e2d1838b133abfa475
checkpoint_last-model_part-5-shard59.pt,82dc5a65ec78ad04383c5df25419437c
checkpoint_last-model_part-5-shard6.pt,e518be7628c7aaf6cb327fef2dc8be12
checkpoint_last-model_part-5-shard60.pt,e338f51d195cda64ec63caf129592b2d
checkpoint_last-model_part-5-shard61.pt,e0426446a5e4bf0b8c24a9f6905d3790
checkpoint_last-model_part-5-shard62.pt,f55ca4c0bf37c04489463bd95dad12e3
checkpoint_last-model_part-5-shard63.pt,dd65fd4bfe9dd522c11198ba3bcd14a6
checkpoint_last-model_part-5-shard64.pt,e8552cad9083c11ff3d573fcc2c1c9f9
checkpoint_last-model_part-5-shard65.pt,6aa1eea81308183b9a0bc036f06eb281
checkpoint_last-model_part-5-shard66.pt,e87a8441dbcc57575e7ff22c451c5f2a
checkpoint_last-model_part-5-shard67.pt,cbf2bd18fa5ced4fb52366e181bc2abd
checkpoint_last-model_part-5-shard68.pt,aea8075ced35a6c3b71dea7bb4c4f04b
checkpoint_last-model_part-5-shard69.pt,6b59810c9cc95e120a07055514f56b08
checkpoint_last-model_part-5-shard7.pt,2fd961052622f85db5fecc79efecd730
checkpoint_last-model_part-5-shard70.pt,e0b72f587f06ee54ecd6391ee6f3a490
checkpoint_last-model_part-5-shard71.pt,6fec6b11bcbd723609b11efdeb1ed1b0
checkpoint_last-model_part-5-shard72.pt,0e0a65862e9670da8282f0fe44622349
checkpoint_last-model_part-5-shard73.pt,0f303d97461531573b87ff6718f2ba0d
checkpoint_last-model_part-5-shard74.pt,59d4a97abd3974c47fd8c5d7a4ec31ea
checkpoint_last-model_part-5-shard75.pt,5731eb492dffe56608003a777bc3d424
checkpoint_last-model_part-5-shard76.pt,65a444b05a0f367871aa311774e8e767
checkpoint_last-model_part-5-shard77.pt,d37b0cd25126ff686dfcb5922d61d4d7
checkpoint_last-model_part-5-shard78.pt,7a3f7f08cb0bf3a5a808781b5fefe1e8
checkpoint_last-model_part-5-shard79.pt,93c77170ed5de89066095b5ce39315a9
checkpoint_last-model_part-5-shard8.pt,ab9c707d0596f11a7630fc06fc571c74
checkpoint_last-model_part-5-shard80.pt,c845dba02ec51360ef1cd5a516243dc4
checkpoint_last-model_part-5-shard81.pt,b7af6bfd820f622320577af7a58cebdb
checkpoint_last-model_part-5-shard82.pt,aeb5c24af4948d0896a7acb5d493c262
checkpoint_last-model_part-5-shard83.pt,7eea88d9301a5425000fd559b690e3d9
checkpoint_last-model_part-5-shard84.pt,ab76132d7a21d69c8b6d782ae0c3ed76
checkpoint_last-model_part-5-shard85.pt,882de8df781ef9e0236d71936f5a1ff6
checkpoint_last-model_part-5-shard86.pt,e55490a9621fd0746fcf734b6dc54fad
checkpoint_last-model_part-5-shard87.pt,3fe123645f93f75c86287b6ba926825d
checkpoint_last-model_part-5-shard88.pt,e77ebe5250fdc37cd4eacbdf225dc22e
checkpoint_last-model_part-5-shard89.pt,d9e8e8c52ff0f45e784f2618a138a078
checkpoint_last-model_part-5-shard9.pt,c40c40dd16ceddaf674d0baba659fe63
checkpoint_last-model_part-5-shard90.pt,cf771227ecb0ca6b3a841e930c31ef69
checkpoint_last-model_part-5-shard91.pt,11de2c4c551519bd556ad89baea8d1a4
checkpoint_last-model_part-5-shard92.pt,4bad45342732053a53b70920f1649056
checkpoint_last-model_part-5-shard93.pt,f4f8dfd8e0a1ab0b7476da3fbab3d1ef
checkpoint_last-model_part-5-shard94.pt,f8fc02f7be261e74d2964caef7323c65
checkpoint_last-model_part-5-shard95.pt,dd0564c4ea0144edc40686ef0a39daad
checkpoint_last-model_part-5-shard96.pt,e6ca6ff9c678283dfcaa72d9397914e2
checkpoint_last-model_part-5-shard97.pt,31f86b83a4dbe24694f50271bb3861b5
checkpoint_last-model_part-5-shard98.pt,708eb13dbd98c2c4a9d22e0ea2a50a25
checkpoint_last-model_part-5-shard99.pt,ba3d90f46c35b4ae71bd6bff80470559
checkpoint_last-model_part-6-shard0.pt,8c665e578e982a9ea17de326df84c84f
checkpoint_last-model_part-6-shard1.pt,3c884382262079ce6db8dcd1bad0ebff
checkpoint_last-model_part-6-shard10.pt,cea3aed59bafe337ab39a9c34f9c01b1
checkpoint_last-model_part-6-shard100.pt,b0f13d95f9647ac55af32353c0909661
checkpoint_last-model_part-6-shard101.pt,f249427b18c88980843586e0d1d51886
checkpoint_last-model_part-6-shard102.pt,6a47bbfe2b9c8b096b351b58d56045b8
checkpoint_last-model_part-6-shard103.pt,673badfa5bbb874dbad76d290136d3eb
checkpoint_last-model_part-6-shard104.pt,a2cec77c7e4ed5a2b14d47da32efae52
checkpoint_last-model_part-6-shard105.pt,3b66a582461465f24fb98217b1ef9a42
checkpoint_last-model_part-6-shard106.pt,d2f677e464cc20d123305110a256af85
checkpoint_last-model_part-6-shard107.pt,124f037e3a4d57010fe64bf2c330590e
checkpoint_last-model_part-6-shard108.pt,8deb78604023a881a958998faa977e7f
checkpoint_last-model_part-6-shard109.pt,5e27e93c8c7e8327c22d60da82ff5a7f
checkpoint_last-model_part-6-shard11.pt,bab1a334d63f1a28862981b9977980d2
checkpoint_last-model_part-6-shard110.pt,421d729e9790ec42217764d0d5808570
checkpoint_last-model_part-6-shard111.pt,0ddde9210a19bd41ced25ee0faabb785
checkpoint_last-model_part-6-shard112.pt,652f17eebce3e96f864d6b6d07bafd18
checkpoint_last-model_part-6-shard113.pt,18a8edfdcdf32c1681d5daa95c09022d
checkpoint_last-model_part-6-shard114.pt,21b60a5a89da83f1a9699e62583665aa
checkpoint_last-model_part-6-shard115.pt,102f3a862308da151253d396538e6065
checkpoint_last-model_part-6-shard116.pt,e4ff789373db96e7037487aa611ff068
checkpoint_last-model_part-6-shard117.pt,834404d3e4726609f180b554f2705b3b
checkpoint_last-model_part-6-shard118.pt,a35f4eaa64544f46265ea9fe56bd1043
checkpoint_last-model_part-6-shard119.pt,690f3992fe52581cecb02764640e1ab0
checkpoint_last-model_part-6-shard12.pt,faa3d488b39c6145835337f161f86558
checkpoint_last-model_part-6-shard120.pt,6977e356085b2dcc7f370e06b439a717
checkpoint_last-model_part-6-shard121.pt,f140325c24efd288a9d07f9aba86f9ad
checkpoint_last-model_part-6-shard122.pt,09dabee088c9cfb82f22bb273374e08a
checkpoint_last-model_part-6-shard123.pt,456a4fc5d4abe31636db5e5b9d6a0e02
checkpoint_last-model_part-6-shard13.pt,fcf1e1a089d8d6fa1c2ef8fe2563d60e
checkpoint_last-model_part-6-shard14.pt,9cad7409e829ae1c13c1f41ddbf1a381
checkpoint_last-model_part-6-shard15.pt,1429f58338c426f40f0e62330b383e67
checkpoint_last-model_part-6-shard16.pt,cc3397c42f905e72c6029d8e5847549a
checkpoint_last-model_part-6-shard17.pt,fd545acdc53872e801c8b5b23e5fec86
checkpoint_last-model_part-6-shard18.pt,c1205c9d1a7595069c1897247f6885d1
checkpoint_last-model_part-6-shard19.pt,1e7eff646dfd9467c8ee6b2af530891e
checkpoint_last-model_part-6-shard2.pt,2c4059d63390f31102bef9a8da29c6b7
checkpoint_last-model_part-6-shard20.pt,7049897e928ddb658136afe290683132
checkpoint_last-model_part-6-shard21.pt,ffb01a0bf0802acbaee0441fcddc17f4
checkpoint_last-model_part-6-shard22.pt,818bfa17d145bd6bb6e2f177e2e408f1
checkpoint_last-model_part-6-shard23.pt,dd8ebf3039a441fe44e257d131d5feed
checkpoint_last-model_part-6-shard24.pt,13b365df590a26a2785fcde2a6994205
checkpoint_last-model_part-6-shard25.pt,d77aaee89bf3fef1e96d44c790ad7138
checkpoint_last-model_part-6-shard26.pt,212615e78986a9879fcdbb073facb29f
checkpoint_last-model_part-6-shard27.pt,5bee1c278a703c2ed774abc5bd250241
checkpoint_last-model_part-6-shard28.pt,145cc728652c649586c08fff4a3bad90
checkpoint_last-model_part-6-shard29.pt,36e9c0287726e5f53e4c9a25bb20c9da
checkpoint_last-model_part-6-shard3.pt,29271fcd9aecf11ff3b306a66e6b7e87
checkpoint_last-model_part-6-shard30.pt,aa987bec51bea92df172fc636f0140e5
checkpoint_last-model_part-6-shard31.pt,aa1632d4210e51dfc0021b306e1e562b
checkpoint_last-model_part-6-shard32.pt,8497a9ac714c36dc5f3a782d6b5dc558
checkpoint_last-model_part-6-shard33.pt,508948bc72755b6bf06b210f912b037a
checkpoint_last-model_part-6-shard34.pt,d08efebb563a37f3f6955f2788f7a5a2
checkpoint_last-model_part-6-shard35.pt,367a0bb05e9e503bbd047f64fcdcb05d
checkpoint_last-model_part-6-shard36.pt,5d5d0bfedf2c24f805c7baf557d0c628
checkpoint_last-model_part-6-shard37.pt,950640324f9c3655d22b3ab6b62a1d09
checkpoint_last-model_part-6-shard38.pt,11397d025b62a96e0b7afc2a2743ffc9
checkpoint_last-model_part-6-shard39.pt,7610a322c758ffb375f70cf20fe6c0e0
checkpoint_last-model_part-6-shard4.pt,45babbce3812396db2637ac517772060
checkpoint_last-model_part-6-shard40.pt,e6aa09611f37df9fdaceecf6ee045b9f
checkpoint_last-model_part-6-shard41.pt,9bda0df58e60b7982167ee0ef697d8d9
checkpoint_last-model_part-6-shard42.pt,e41624db3448e4dfd0b4cf6b895e9982
checkpoint_last-model_part-6-shard43.pt,cd3ff4ad3dca7e8ce870108fc4ba3f59
checkpoint_last-model_part-6-shard44.pt,f5e1ec8e0676dca0e9db8d9293f3c25b
checkpoint_last-model_part-6-shard45.pt,d86d28c163bda6ee8bc2a4897ee963c8
checkpoint_last-model_part-6-shard46.pt,1883486164a70f6b1945bf59e31e0f02
checkpoint_last-model_part-6-shard47.pt,364607bd3df42e1d1ad5c6c9e8ae2ddc
checkpoint_last-model_part-6-shard48.pt,7e273a9f5e5f1e71acc2c2be4cd3f53e
checkpoint_last-model_part-6-shard49.pt,c9f814473adee8dc2a8b0da80f9258a6
checkpoint_last-model_part-6-shard5.pt,f644e778f1509093b64eb5b7c10f0914
checkpoint_last-model_part-6-shard50.pt,f0465a93499b5aac984854bbfe203770
checkpoint_last-model_part-6-shard51.pt,98df2cd628f4a2c1847f181a884580a9
checkpoint_last-model_part-6-shard52.pt,2d3a53fd79bc865819a0e4e4b8882c51
checkpoint_last-model_part-6-shard53.pt,f279f42fdf7de8c2e2e6bea9c2ef94d1
checkpoint_last-model_part-6-shard54.pt,c387ec7fbeb9af14d2ce44e7bd183b48
checkpoint_last-model_part-6-shard55.pt,0fa778207a34532093acfccd5d5e94a6
checkpoint_last-model_part-6-shard56.pt,6924de5b7331b2e575d0a11d0b2d6c23
checkpoint_last-model_part-6-shard57.pt,a68216c773b8f80a943fd97b6976a659
checkpoint_last-model_part-6-shard58.pt,5ef381e4c53609983d83c02dc187d78a
checkpoint_last-model_part-6-shard59.pt,01e2e03d7a1c385370f8a49490180004
checkpoint_last-model_part-6-shard6.pt,36a691b0ac37d6367a9eee2d01aec5d2
checkpoint_last-model_part-6-shard60.pt,4c868ab7b66d2ce123f79c1785238d91
checkpoint_last-model_part-6-shard61.pt,d9b63c86d567a4f95176961b17b3728e
checkpoint_last-model_part-6-shard62.pt,4759dcf289d871c9835e4d2a05361319
checkpoint_last-model_part-6-shard63.pt,ff97ded13cc01bc9b3497ed5dc90cde5
checkpoint_last-model_part-6-shard64.pt,fdb16cb070ef8cf03effe44713a72096
checkpoint_last-model_part-6-shard65.pt,b6e9fa02520a198d0f5895aeef094b9c
checkpoint_last-model_part-6-shard66.pt,f301df68085939fbf14a1c97cd840e29
checkpoint_last-model_part-6-shard67.pt,1ef02bb893dac5e9781647fc959b7cd4
checkpoint_last-model_part-6-shard68.pt,32f64e54a675be8fccd6034e9af49283
checkpoint_last-model_part-6-shard69.pt,3986072bbfb9b019325aac1b8be1854a
checkpoint_last-model_part-6-shard7.pt,a476106bd9c5cdb318794d78b51e5117
checkpoint_last-model_part-6-shard70.pt,56e965b9eef11f6e4c263ffcf04ca21e
checkpoint_last-model_part-6-shard71.pt,a04c35c227933160a646dc3bd085e887
checkpoint_last-model_part-6-shard72.pt,9e9726dda08a95ce4220dac6f5dc8b87
checkpoint_last-model_part-6-shard73.pt,64d64ce2edee3ca728bc5e176f7551d1
checkpoint_last-model_part-6-shard74.pt,a434f0f1c17eaf8f58e523b34f53b01c
checkpoint_last-model_part-6-shard75.pt,ccd1a6112060d700ebb277b86a8c52d3
checkpoint_last-model_part-6-shard76.pt,fe56c1db528c85a6cae1853cf96f9f00
checkpoint_last-model_part-6-shard77.pt,4b79c36a853510e5b9ac241993a0b375
checkpoint_last-model_part-6-shard78.pt,8a75847ad25776f0de8da22e7380e85f
checkpoint_last-model_part-6-shard79.pt,0fd9b6956000f0466084026e00cc575c
checkpoint_last-model_part-6-shard8.pt,184e586361deee8309f56460d4f3a304
checkpoint_last-model_part-6-shard80.pt,2d4f2547c85c29aff332861e2b02d018
checkpoint_last-model_part-6-shard81.pt,6d46247e85c223fca04b5869da877b13
checkpoint_last-model_part-6-shard82.pt,949b23da3eea961e5f5ffd4e45565b2f
checkpoint_last-model_part-6-shard83.pt,2636c73e495b61b1f611603b3a90cf4f
checkpoint_last-model_part-6-shard84.pt,712a1ab3e88d82100fbfff7a643605bd
checkpoint_last-model_part-6-shard85.pt,c8bf8d3498708b716a37a50d752a9fcd
checkpoint_last-model_part-6-shard86.pt,5de2b8e2d75240ced22322a8cf9f14d5
checkpoint_last-model_part-6-shard87.pt,dee0cecdf787b994a51936f0daaf8d66
checkpoint_last-model_part-6-shard88.pt,86f013779ecb9df34c0831db04f4084d
checkpoint_last-model_part-6-shard89.pt,6f4f1075097ad33883f67af277ff8766
checkpoint_last-model_part-6-shard9.pt,787948560f54397d43af8b15412a07f7
checkpoint_last-model_part-6-shard90.pt,861f9349d724ca13f0e09e8dac20ddbe
checkpoint_last-model_part-6-shard91.pt,6d9adead0cf9236f12b1232259edccc5
checkpoint_last-model_part-6-shard92.pt,4f2d7892613d54b442fc5dc66260d61a
checkpoint_last-model_part-6-shard93.pt,859dee97fc1d308319c16676fb3797a7
checkpoint_last-model_part-6-shard94.pt,fe948222859af4ea8185aae3207de1ef
checkpoint_last-model_part-6-shard95.pt,c23cc310a82f703f416481a526c54245
checkpoint_last-model_part-6-shard96.pt,996ebdde989a27d363df9827d4cd4560
checkpoint_last-model_part-6-shard97.pt,8ac94f47a7d2ed3509214e76800da323
checkpoint_last-model_part-6-shard98.pt,9121d6a9a794bdde62906dd05954d8a2
checkpoint_last-model_part-6-shard99.pt,ef89217603b00fa72eebd15544320374
checkpoint_last-model_part-7-shard0.pt,c07369776391bc200ee27df6a8784375
checkpoint_last-model_part-7-shard1.pt,2108572e133f4fb01f67c23e983dab2b
checkpoint_last-model_part-7-shard10.pt,8b052307b5d80adcb1b1ebe0c87a07da
checkpoint_last-model_part-7-shard100.pt,9517ab41f4d45b41771609841e76de4a
checkpoint_last-model_part-7-shard101.pt,7f811024a733cc00d1e8293dde9bcd23
checkpoint_last-model_part-7-shard102.pt,6466000d31ac16364ce48dd50ed96297
checkpoint_last-model_part-7-shard103.pt,76a2f27cbc1066c2a9bc61d99dde4f61
checkpoint_last-model_part-7-shard104.pt,73b3793a13d7299c2dd09b9d7cdd6887
checkpoint_last-model_part-7-shard105.pt,86cdaeaa0b2195c3adca8dc4d8d0a3d1
checkpoint_last-model_part-7-shard106.pt,69a96eb3792ab9514a6283c6cff0e39f
checkpoint_last-model_part-7-shard107.pt,15dbde4228dac58d04f722381b633e33
checkpoint_last-model_part-7-shard108.pt,7ff10d04b9bc28a05ee1d0993a0a84fe
checkpoint_last-model_part-7-shard109.pt,7feec2a21b9cfa127cdf7e9b21a826da
checkpoint_last-model_part-7-shard11.pt,1d143f0c452a94947d2a10d9291248c5
checkpoint_last-model_part-7-shard110.pt,3d1f65265fc7998751dbcacb4f010e41
checkpoint_last-model_part-7-shard111.pt,6c5632c1100f167a6a7d6a4f272a860a
checkpoint_last-model_part-7-shard112.pt,92e76fefe5a9eeedabfc51b1736fa060
checkpoint_last-model_part-7-shard113.pt,01d8465188e2a4e9b6a1abd430ccb916
checkpoint_last-model_part-7-shard114.pt,8d786b68c5a8372043a06eba4bd8792f
checkpoint_last-model_part-7-shard115.pt,1ffb8d0f0d19a69687632c0ead358e71
checkpoint_last-model_part-7-shard116.pt,908d08cc469b4ea04139803111a6447a
checkpoint_last-model_part-7-shard117.pt,6074c1fbca7a94fc8e0bd8b2cfc327c9
checkpoint_last-model_part-7-shard118.pt,dc1fed1188e86f50de67d0c4e7434687
checkpoint_last-model_part-7-shard119.pt,65dcab6234dc28589e332fdf2f32b386
checkpoint_last-model_part-7-shard12.pt,0e94376a24886d4cd9f8629d7c96f314
checkpoint_last-model_part-7-shard120.pt,1e240b0e61a78b61d3e679d1d28b8752
checkpoint_last-model_part-7-shard121.pt,54db6b8b487df0a100735cef984bb4bf
checkpoint_last-model_part-7-shard122.pt,1bc46a2ed0eca24d7cc9edf88ab0e77f
checkpoint_last-model_part-7-shard123.pt,473dba23b17f83797b09c44de4c11634
checkpoint_last-model_part-7-shard13.pt,5c2d9ea2a157372f40bf87ff6754aee7
checkpoint_last-model_part-7-shard14.pt,42dc548e8b42e3b2cea07183e414787d
checkpoint_last-model_part-7-shard15.pt,d808c7d9ab52ead39fa16c5ddfcb8e1a
checkpoint_last-model_part-7-shard16.pt,d2f01dc58972cd5286b5443d13d1ced4
checkpoint_last-model_part-7-shard17.pt,59b7b32c18d356df4960b769f99d00a1
checkpoint_last-model_part-7-shard18.pt,306edfc4814e1816abfa72426c4dbcbf
checkpoint_last-model_part-7-shard19.pt,3f2363a78aadaf24e7f53c182bc51e62
checkpoint_last-model_part-7-shard2.pt,fa7fd30cfc487008e7d10ca58db22bd4
checkpoint_last-model_part-7-shard20.pt,0c56503f4201594285e138a794a3a532
checkpoint_last-model_part-7-shard21.pt,c75dd099097998b92daddaef464fc025
checkpoint_last-model_part-7-shard22.pt,05149af1d8d9c66e0bfabb9f41934199
checkpoint_last-model_part-7-shard23.pt,37387442314abb9586450ed2b9830500
checkpoint_last-model_part-7-shard24.pt,d2612148ca54ddb8ad7873faef7813d5
checkpoint_last-model_part-7-shard25.pt,ac019f7a487160dc3bee4ba068ac4ffc
checkpoint_last-model_part-7-shard26.pt,b478fe0b16bc2ab75ff162d2162809c7
checkpoint_last-model_part-7-shard27.pt,d87be20f2d0da7caedef9c41657dd5ff
checkpoint_last-model_part-7-shard28.pt,a52961bd8887cd3b1ca6e3ef18a790f7
checkpoint_last-model_part-7-shard29.pt,42a2692b1c390d4bd5b0237d307e08ba
checkpoint_last-model_part-7-shard3.pt,4ad41e5642ea28f8b33cba3b78f450fe
checkpoint_last-model_part-7-shard30.pt,73686ad091e3d5e6f967879df0bb4977
checkpoint_last-model_part-7-shard31.pt,7ec3ddb8d0a68b38e077c6238af7e282
checkpoint_last-model_part-7-shard32.pt,5a7d64901e22836e36c16b36d2711da1
checkpoint_last-model_part-7-shard33.pt,54b77526781361f1081342110ff8bc90
checkpoint_last-model_part-7-shard34.pt,bdc5a4537aa6f7ef27097c23f0c38a43
checkpoint_last-model_part-7-shard35.pt,7b9ccd2b46491456f4186d9a2660412a
checkpoint_last-model_part-7-shard36.pt,bcab79db1cf6f347536550603faa7934
checkpoint_last-model_part-7-shard37.pt,8d2fa927480f63e85240f65ac5481472
checkpoint_last-model_part-7-shard38.pt,b99adc5345a0385a1787b5f7940cea52
checkpoint_last-model_part-7-shard39.pt,e694ed7c3a8d4ceadf456aa168c8b2f6
checkpoint_last-model_part-7-shard4.pt,1536d6565824329ff219eb85167ec143
checkpoint_last-model_part-7-shard40.pt,c41bcbca26f4fc73273a8fe9439b3bb9
checkpoint_last-model_part-7-shard41.pt,ac55aeb66aa9d7d295be561be319eed2
checkpoint_last-model_part-7-shard42.pt,067ea3776e2d3284e7b8fde76694396b
checkpoint_last-model_part-7-shard43.pt,6a9e33f2fe4fd0d0c0ddb0cd34cbb3ad
checkpoint_last-model_part-7-shard44.pt,348c7b7b0dea93a225924a4e26562f89
checkpoint_last-model_part-7-shard45.pt,10bcf2e18797d5b62ccecce5aec4ad41
checkpoint_last-model_part-7-shard46.pt,6ef037a70e4888a8653a6c14b133d01d
checkpoint_last-model_part-7-shard47.pt,202ceb828ffc04480dcaedd068983c57
checkpoint_last-model_part-7-shard48.pt,0d0c97222fedfe81a50dab0b18760a4f
checkpoint_last-model_part-7-shard49.pt,8253cb2017ab703c2d298462a2dad6e9
checkpoint_last-model_part-7-shard5.pt,89365010fd4b2f8b1205ac1c505ce9e1
checkpoint_last-model_part-7-shard50.pt,5437057ac6a8d51abb8379452a832dda
checkpoint_last-model_part-7-shard51.pt,2de6a47b8a9c75437c193f1cd769e554
checkpoint_last-model_part-7-shard52.pt,1e4cb42c0c7860e21b2a33767371e662
checkpoint_last-model_part-7-shard53.pt,8325e033ad0df477a24c8993fad6ce92
checkpoint_last-model_part-7-shard54.pt,9ad8b21e8976fc318664aa3bb2fc6778
checkpoint_last-model_part-7-shard55.pt,1e8dfe470644fadad11cb8f3b7c1bc08
checkpoint_last-model_part-7-shard56.pt,52c047cf3dc39a6aa3ae6395a085139f
checkpoint_last-model_part-7-shard57.pt,7e06c67b1fd6e5d29ffd8cc55d561ee6
checkpoint_last-model_part-7-shard58.pt,4ea633a9ecc74a06cf0fcbe801b8f173
checkpoint_last-model_part-7-shard59.pt,f5e4f6bf09287669fe3c49604fb4af3f
checkpoint_last-model_part-7-shard6.pt,cbdb257f92981c880bc045f8fb3a7963
checkpoint_last-model_part-7-shard60.pt,b4f6140f30cf54adbd48cf2fca6405ee
checkpoint_last-model_part-7-shard61.pt,246c8c23e3cc8df4b33abf8159323724
checkpoint_last-model_part-7-shard62.pt,8218a00d0af46385b2c063b84f5b8166
checkpoint_last-model_part-7-shard63.pt,4571cc7d772bc265c7dfbc9e81ec55a3
checkpoint_last-model_part-7-shard64.pt,cc5032fdb860c032aff4a273ea02b200
checkpoint_last-model_part-7-shard65.pt,f6a8617b903aa191ac52ff4ddcc1af18
checkpoint_last-model_part-7-shard66.pt,fbc8231438aaae89f532a0a5662087c9
checkpoint_last-model_part-7-shard67.pt,6a26d94109c756b6b39f49becd0d6e58
checkpoint_last-model_part-7-shard68.pt,399791e4b5f5f75ed8b739df64c2f8b4
checkpoint_last-model_part-7-shard69.pt,23df66eb743260a6ecb589149271eb7c
checkpoint_last-model_part-7-shard7.pt,4a3f2ae3133ae3fa1033c74bd05e2e9e
checkpoint_last-model_part-7-shard70.pt,ad9b182e2ec5649016c9c7cb23fb874a
checkpoint_last-model_part-7-shard71.pt,a99ced133112246dd8149d5e7de3122b
checkpoint_last-model_part-7-shard72.pt,24ded3c002e39a52994df146d4944aa5
checkpoint_last-model_part-7-shard73.pt,ab3df00586a29ac1a30b733154879118
checkpoint_last-model_part-7-shard74.pt,3764df48fd6dc12b9ec8a0fa93559dbd
checkpoint_last-model_part-7-shard75.pt,16cf43bdf26900d963ab53732167f95c
checkpoint_last-model_part-7-shard76.pt,a5fbcb1e45f4a33fdabaf17026527eec
checkpoint_last-model_part-7-shard77.pt,705c1ecc742026ddf3a2142bebc208ac
checkpoint_last-model_part-7-shard78.pt,fd09edf1356e5602a5281e7d817b10e9
checkpoint_last-model_part-7-shard79.pt,7f42467d5724d32c9cd5e219db633f77
checkpoint_last-model_part-7-shard8.pt,2df33726454b98f46147eb4ba34c837c
checkpoint_last-model_part-7-shard80.pt,58a5c75748d86dec217cd35d84ca5b0f
checkpoint_last-model_part-7-shard81.pt,5d6433fee50731eb5d9465edb03d1a40
checkpoint_last-model_part-7-shard82.pt,e82cbfe98780324f4b13734e24957b86
checkpoint_last-model_part-7-shard83.pt,d7fd21f8a180e95afa8fcb72717d565f
checkpoint_last-model_part-7-shard84.pt,c321ba01a041dbfa2bf40f6a8ce14a92
checkpoint_last-model_part-7-shard85.pt,a3c36ab772ecfa84325acb31312c4401
checkpoint_last-model_part-7-shard86.pt,dcc94833804866b396ebfcbd12d47fe9
checkpoint_last-model_part-7-shard87.pt,319e98023032a6d82e3436ae7c3be95f
checkpoint_last-model_part-7-shard88.pt,41aef94df1f4d13e2e6b4cc283f14200
checkpoint_last-model_part-7-shard89.pt,87039aaddb660bfb849946c1eb27a143
checkpoint_last-model_part-7-shard9.pt,06db124848ca6cf41e33b15ff2dbc0bb
checkpoint_last-model_part-7-shard90.pt,d89db40c0a72daf0eea164fb8c287c44
checkpoint_last-model_part-7-shard91.pt,283197abdb3d9ba4f8d4673d5a267169
checkpoint_last-model_part-7-shard92.pt,bb9eb9a8ee3aa814d705ba7b62106830
checkpoint_last-model_part-7-shard93.pt,b394ceb325a61b7c0c937668bd9a9535
checkpoint_last-model_part-7-shard94.pt,74719aab10de05616367bab7d35c0457
checkpoint_last-model_part-7-shard95.pt,c9f04773f2581fec134fad0e63a83471
checkpoint_last-model_part-7-shard96.pt,2e781108099814ffe57a78daecd5ec38
checkpoint_last-model_part-7-shard97.pt,f93cfdab3c7dd05e31f531fb710da2f0
checkpoint_last-model_part-7-shard98.pt,6f515abbe4b01646069b62aaec08cb4b
checkpoint_last-model_part-7-shard99.pt,fd1b9c6f20bcae3576f608c459188d01